Rank,Score_Potencial,Nome_Estudio,Bairro,Avaliação_Google,Total_Avaliações,Telefone,Link_WhatsApp,Instagram,Website,Abordagem_1_Inicial,Resposta_2_Demonstracao_SIM,Fechamento_3_Oferta_Preco_Pix,Endereço,Link_GoogleMaps,Abordagem_1_Variação_1,Abordagem_1_Variação_2,Abordagem_1_Variação_3,Resposta_2_Variação_1,Resposta_2_Variação_2,Resposta_2_Variação_3,Fechamento_3_Variação_1,Fechamento_3_Variação_2,Fechamento_3_Variação_3
1,100,Curso Extensão de cílios - Studio Edivania Paiva Extensão de cílios Goiânia,Setor Central,5.0,265,+55 62 99394-5144,https://wa.me/5562993945144,@edivaniapaivaacademy,https://www.instagram.com/edivaniapaivaacademy/,"Oii Edivania, tudo bem? 💕 Vi o seu perfil e achei os seus trabalhos de cílios simplesmente perfeitos! 😍✨ Você mesma quem cuida do agendamento por aqui?","Que ótimo Edivania! 😍 É que eu ajudo Lash Designers a valorizarem o trabalho e economizarem tempo no WhatsApp. Em vez de ficar mandando foto por foto de tabela solta ou explicando técnica por técnica, criamos o LashMenu: um catálogo digital interativo e lindo pro link do Insta e Whats! 🌸✨ Posso te mandar 15 segundinhos de um vídeo curto pra você ver como fica na prática? 💕","Prontinho Edivania! 🌸✨ Montei o catálogo exclusivo do seu estúdio para você dar uma olhada:
👉 [LINK_DO_CATALOGO_PERSONALIZADO_DELA] 😍💖

O valor de criação completa do LashMenu é R$ 197 no cartão. Mas fechando hoje por aqui no Pix, temos a condição especial por apenas *R$ 167 à vista (pagamento único sem mensalidades!)*. 🚀💎

Quer que eu já te envie a chave Pix para liberarmos o seu link definitivo hoje mesmo? 💕","Av. Anhanguera, 5389 - St. Central, Goiânia - GO, 74043-010, Brasil",https://www.google.com/maps/search/?api=1&query=Curso%20Extens%C3%A3o%20de%20c%C3%ADlios%20-%20Studio%20Edivania%20Paiva%20Extens%C3%A3o%20de%20c%C3%ADlios%20Goi%C3%A2nia&query_place_id=ChIJNcJRVe7xXpMRegJRirWTQ3Q,"Oii Edivania, tudo bem? 💕 Vi o seu perfil e achei os seus trabalhos de cílios simplesmente perfeitos! 😍✨ Você mesma quem cuida do agendamento por aqui?","Olá Edivania, como você está? 🌸 Tive uma dúvida rápida olhando o seu perfil e resolvi te mandar mensagem por aqui. Você é a própria Edivania que atende no estúdio? 👁️","Oii Edivania, tudo joia? 💖 Estava olhando os seus atendimentos de cílios e fiquei encantada com a qualidade! Me tira uma dúvida rápida sobre o estúdio? ✨","Que ótimo Edivania! 😍 É que eu ajudo Lash Designers a valorizarem o trabalho e economizarem tempo no WhatsApp. Em vez de ficar mandando foto por foto de tabela solta ou explicando técnica por técnica, criamos o LashMenu: um catálogo digital interativo e lindo pro link do Insta e Whats! 🌸✨ Posso te mandar 15 segundinhos de um vídeo curto pra você ver como fica na prática? 💕","Ah perfeita Edivania! 🥰 É que a gente desenvolveu o LashMenu, que transforma aquela tabela de preços tradicional num catálogo digital super interativo e elegante para o seu estúdio. Fica incrível no link da bio e facilita muito o atendimento no Whats! 💎✨ Gravei uma demonstração rápida de 15s. Posso te mandar aqui pra você dar uma olhada? 👁️💖","Maravilha Edivania! 💕 Vários estúdios sofrem perdendo tempo no Whats passando valores e tirando dúvidas de procedimentos soltos. Com o LashMenu, o seu estúdio ganha um catálogo digital interativo de alto padrão que agiliza seus agendamentos! 🚀🌸 Posso te enviar uma demonstração super rápida pra você ver como funciona? ✨","Prontinho Edivania! 🌸✨ Montei o catálogo exclusivo do seu estúdio para você dar uma olhada:
👉 [LINK_DO_CATALOGO_PERSONALIZADO_DELA] 😍💖

O valor de criação completa do LashMenu é R$ 197 no cartão. Mas fechando hoje por aqui no Pix, temos a condição especial por apenas *R$ 167 à vista (pagamento único sem mensalidades!)*. 🚀💎

Quer que eu já te envie a chave Pix para liberarmos o seu link definitivo hoje mesmo? 💕","Prontinho Edivania! 🥰 Olha como ficou elegante a apresentação dos seus procedimentos:
👉 [LINK_DO_CATALOGO_PERSONALIZADO_DELA] ✨🌸

Me conta o que achou! A taxa de configuração completa com suporte e hospedagem é R$ 197. Mas fechando via Pix hoje, liberamos por *R$ 167 à vista* (sem mensalidade nenhuma). 👑💎

Posso gerar a chave Pix para ativar o seu catálogo oficial agora? 🚀","Ficou pronto Edivania! 💖 Dá uma olhadinha em como o seu estúdio vai se destacar com o LashMenu:
👉 [LINK_DO_CATALOGO_PERSONALIZADO_DELA] 👁️✨

Consigo te garantir a condição exclusiva por Pix: de R$ 197 por apenas *R$ 167 à vista* (taxa única, seu catálogo fica ativo sem cobranças mensais!). 🎉🌸

Quer que eu te passe a chave Pix para finalizarmos? 💕"
2,100,"Studio Layfer, Cílios, Micropigmentação e Estética - St. Alto da Glória",Alto da Glória,5.0,228,+55 62 98450-3988,https://wa.me/5562984503988,@studio.layfer,https://www.instagram.com/studio.layfer/,"Oii Layfer, tudo bem? 💕 Vi o seu perfil e achei os seus trabalhos de cílios simplesmente perfeitos! 😍✨ Você mesma quem cuida do agendamento por aqui?","Que ótimo Layfer! 😍 É que eu ajudo Lash Designers a valorizarem o trabalho e economizarem tempo no WhatsApp. Em vez de ficar mandando foto por foto de tabela solta ou explicando técnica por técnica, criamos o LashMenu: um catálogo digital interativo e lindo pro link do Insta e Whats! 🌸✨ Posso te mandar 15 segundinhos de um vídeo curto pra você ver como fica na prática? 💕","Prontinho Layfer! 🌸✨ Montei o catálogo exclusivo do seu estúdio para você dar uma olhada:
👉 [LINK_DO_CATALOGO_PERSONALIZADO_DELA] 😍💖

O valor de criação completa do LashMenu é R$ 197 no cartão. Mas fechando hoje por aqui no Pix, temos a condição especial por apenas *R$ 167 à vista (pagamento único sem mensalidades!)*. 🚀💎

Quer que eu já te envie a chave Pix para liberarmos o seu link definitivo hoje mesmo? 💕","Av. São João esq. c/ Rua Vitoria, Qd. 9, Lt. 11, Alto da Glória Sala 301., 3º Andar - Alto da Glória, Goiânia - GO, 74815-745, Brasil",https://www.google.com/maps/search/?api=1&query=Studio%20Layfer%2C%20C%C3%ADlios%2C%20Micropigmenta%C3%A7%C3%A3o%20e%20Est%C3%A9tica%20-%20St.%20Alto%20da%20Gl%C3%B3ria&query_place_id=ChIJzxi2-6PxXpMRk_q1l5AoAD4,"Oii Layfer, tudo bem? 💕 Vi o seu perfil e achei os seus trabalhos de cílios simplesmente perfeitos! 😍✨ Você mesma quem cuida do agendamento por aqui?","Olá Layfer, como você está? 🌸 Tive uma dúvida rápida olhando o seu perfil e resolvi te mandar mensagem por aqui. Você é a própria Layfer que atende no estúdio? 👁️","Oii Layfer, tudo joia? 💖 Estava olhando os seus atendimentos de cílios e fiquei encantada com a qualidade! Me tira uma dúvida rápida sobre o estúdio? ✨","Que ótimo Layfer! 😍 É que eu ajudo Lash Designers a valorizarem o trabalho e economizarem tempo no WhatsApp. Em vez de ficar mandando foto por foto de tabela solta ou explicando técnica por técnica, criamos o LashMenu: um catálogo digital interativo e lindo pro link do Insta e Whats! 🌸✨ Posso te mandar 15 segundinhos de um vídeo curto pra você ver como fica na prática? 💕","Ah perfeita Layfer! 🥰 É que a gente desenvolveu o LashMenu, que transforma aquela tabela de preços tradicional num catálogo digital super interativo e elegante para o seu estúdio. Fica incrível no link da bio e facilita muito o atendimento no Whats! 💎✨ Gravei uma demonstração rápida de 15s. Posso te mandar aqui pra você dar uma olhada? 👁️💖","Maravilha Layfer! 💕 Vários estúdios sofrem perdendo tempo no Whats passando valores e tirando dúvidas de procedimentos soltos. Com o LashMenu, o seu estúdio ganha um catálogo digital interativo de alto padrão que agiliza seus agendamentos! 🚀🌸 Posso te enviar uma demonstração super rápida pra você ver como funciona? ✨","Prontinho Layfer! 🌸✨ Montei o catálogo exclusivo do seu estúdio para você dar uma olhada:
👉 [LINK_DO_CATALOGO_PERSONALIZADO_DELA] 😍💖

O valor de criação completa do LashMenu é R$ 197 no cartão. Mas fechando hoje por aqui no Pix, temos a condição especial por apenas *R$ 167 à vista (pagamento único sem mensalidades!)*. 🚀💎

Quer que eu já te envie a chave Pix para liberarmos o seu link definitivo hoje mesmo? 💕","Prontinho Layfer! 🥰 Olha como ficou elegante a apresentação dos seus procedimentos:
👉 [LINK_DO_CATALOGO_PERSONALIZADO_DELA] ✨🌸

Me conta o que achou! A taxa de configuração completa com suporte e hospedagem é R$ 197. Mas fechando via Pix hoje, liberamos por *R$ 167 à vista* (sem mensalidade nenhuma). 👑💎

Posso gerar a chave Pix para ativar o seu catálogo oficial agora? 🚀","Ficou pronto Layfer! 💖 Dá uma olhadinha em como o seu estúdio vai se destacar com o LashMenu:
👉 [LINK_DO_CATALOGO_PERSONALIZADO_DELA] 👁️✨

Consigo te garantir a condição exclusiva por Pix: de R$ 197 por apenas *R$ 167 à vista* (taxa única, seu catálogo fica ativo sem cobranças mensais!). 🎉🌸

Quer que eu te passe a chave Pix para finalizarmos? 💕"
3,95,"Studio Larissa Lobo. Especializado em sobrancelhas, cílios e estética.",Setor Bueno,4.8,117,+55 62 3088-6622,https://wa.me/556230886622,,http://larissalobobeauty.com.br/,"Oii Larissa, tudo bem? 💕 Vi o seu perfil e achei os seus trabalhos de cílios simplesmente perfeitos! 😍✨ Você mesma quem cuida do agendamento por aqui?","Que ótimo Larissa! 😍 É que eu ajudo Lash Designers a valorizarem o trabalho e economizarem tempo no WhatsApp. Em vez de ficar mandando foto por foto de tabela solta ou explicando técnica por técnica, criamos o LashMenu: um catálogo digital interativo e lindo pro link do Insta e Whats! 🌸✨ Posso te mandar 15 segundinhos de um vídeo curto pra você ver como fica na prática? 💕","Prontinho Larissa! 🌸✨ Montei o catálogo exclusivo do seu estúdio para você dar uma olhada:
👉 [LINK_DO_CATALOGO_PERSONALIZADO_DELA] 😍💖

O valor de criação completa do LashMenu é R$ 197 no cartão. Mas fechando hoje por aqui no Pix, temos a condição especial por apenas *R$ 167 à vista (pagamento único sem mensalidades!)*. 🚀💎

Quer que eu já te envie a chave Pix para liberarmos o seu link definitivo hoje mesmo? 💕","R. T 1-A, 63 - St. Bueno, Goiânia - GO, 74210-330, Brasil",https://www.google.com/maps/search/?api=1&query=Studio%20Larissa%20Lobo.%20Especializado%20em%20sobrancelhas%2C%20c%C3%ADlios%20e%20est%C3%A9tica.&query_place_id=ChIJjchOyjzxXpMRxFD2HiV89GI,"Oii Larissa, tudo bem? 💕 Vi o seu perfil e achei os seus trabalhos de cílios simplesmente perfeitos! 😍✨ Você mesma quem cuida do agendamento por aqui?","Olá Larissa, como você está? 🌸 Tive uma dúvida rápida olhando o seu perfil e resolvi te mandar mensagem por aqui. Você é a própria Larissa que atende no estúdio? 👁️","Oii Larissa, tudo joia? 💖 Estava olhando os seus atendimentos de cílios e fiquei encantada com a qualidade! Me tira uma dúvida rápida sobre o estúdio? ✨","Que ótimo Larissa! 😍 É que eu ajudo Lash Designers a valorizarem o trabalho e economizarem tempo no WhatsApp. Em vez de ficar mandando foto por foto de tabela solta ou explicando técnica por técnica, criamos o LashMenu: um catálogo digital interativo e lindo pro link do Insta e Whats! 🌸✨ Posso te mandar 15 segundinhos de um vídeo curto pra você ver como fica na prática? 💕","Ah perfeita Larissa! 🥰 É que a gente desenvolveu o LashMenu, que transforma aquela tabela de preços tradicional num catálogo digital super interativo e elegante para o seu estúdio. Fica incrível no link da bio e facilita muito o atendimento no Whats! 💎✨ Gravei uma demonstração rápida de 15s. Posso te mandar aqui pra você dar uma olhada? 👁️💖","Maravilha Larissa! 💕 Vários estúdios sofrem perdendo tempo no Whats passando valores e tirando dúvidas de procedimentos soltos. Com o LashMenu, o seu estúdio ganha um catálogo digital interativo de alto padrão que agiliza seus agendamentos! 🚀🌸 Posso te enviar uma demonstração super rápida pra você ver como funciona? ✨","Prontinho Larissa! 🌸✨ Montei o catálogo exclusivo do seu estúdio para você dar uma olhada:
👉 [LINK_DO_CATALOGO_PERSONALIZADO_DELA] 😍💖

O valor de criação completa do LashMenu é R$ 197 no cartão. Mas fechando hoje por aqui no Pix, temos a condição especial por apenas *R$ 167 à vista (pagamento único sem mensalidades!)*. 🚀💎

Quer que eu já te envie a chave Pix para liberarmos o seu link definitivo hoje mesmo? 💕","Prontinho Larissa! 🥰 Olha como ficou elegante a apresentação dos seus procedimentos:
👉 [LINK_DO_CATALOGO_PERSONALIZADO_DELA] ✨🌸

Me conta o que achou! A taxa de configuração completa com suporte e hospedagem é R$ 197. Mas fechando via Pix hoje, liberamos por *R$ 167 à vista* (sem mensalidade nenhuma). 👑💎

Posso gerar a chave Pix para ativar o seu catálogo oficial agora? 🚀","Ficou pronto Larissa! 💖 Dá uma olhadinha em como o seu estúdio vai se destacar com o LashMenu:
👉 [LINK_DO_CATALOGO_PERSONALIZADO_DELA] 👁️✨

Consigo te garantir a condição exclusiva por Pix: de R$ 197 por apenas *R$ 167 à vista* (taxa única, seu catálogo fica ativo sem cobranças mensais!). 🎉🌸

Quer que eu te passe a chave Pix para finalizarmos? 💕"
4,95,Extensão de cílios Goiania - Studio Leticia Santana Lash Design,Setor Bueno,5.0,83,+55 62 99361-5571,https://wa.me/5562993615571,,https://studioleticiasantana.com.br/,"Oii Leticia, tudo bem? 💕 Vi o seu perfil e achei os seus trabalhos de cílios simplesmente perfeitos! 😍✨ Você mesma quem cuida do agendamento por aqui?","Que ótimo Leticia! 😍 É que eu ajudo Lash Designers a valorizarem o trabalho e economizarem tempo no WhatsApp. Em vez de ficar mandando foto por foto de tabela solta ou explicando técnica por técnica, criamos o LashMenu: um catálogo digital interativo e lindo pro link do Insta e Whats! 🌸✨ Posso te mandar 15 segundinhos de um vídeo curto pra você ver como fica na prática? 💕","Prontinho Leticia! 🌸✨ Montei o catálogo exclusivo do seu estúdio para você dar uma olhada:
👉 [LINK_DO_CATALOGO_PERSONALIZADO_DELA] 😍💖

O valor de criação completa do LashMenu é R$ 197 no cartão. Mas fechando hoje por aqui no Pix, temos a condição especial por apenas *R$ 167 à vista (pagamento único sem mensalidades!)*. 🚀💎

Quer que eu já te envie a chave Pix para liberarmos o seu link definitivo hoje mesmo? 💕","Av. T-15, 1380 - St. Bueno, Goiânia - GO, 74230-010, Brasil",https://www.google.com/maps/search/?api=1&query=Extens%C3%A3o%20de%20c%C3%ADlios%20Goiania%20-%20Studio%20Leticia%20Santana%20Lash%20Design&query_place_id=ChIJG9x9B23xXpMRznt7moxKXfw,"Oii Leticia, tudo bem? 💕 Vi o seu perfil e achei os seus trabalhos de cílios simplesmente perfeitos! 😍✨ Você mesma quem cuida do agendamento por aqui?","Olá Leticia, como você está? 🌸 Tive uma dúvida rápida olhando o seu perfil e resolvi te mandar mensagem por aqui. Você é a própria Leticia que atende no estúdio? 👁️","Oii Leticia, tudo joia? 💖 Estava olhando os seus atendimentos de cílios e fiquei encantada com a qualidade! Me tira uma dúvida rápida sobre o estúdio? ✨","Que ótimo Leticia! 😍 É que eu ajudo Lash Designers a valorizarem o trabalho e economizarem tempo no WhatsApp. Em vez de ficar mandando foto por foto de tabela solta ou explicando técnica por técnica, criamos o LashMenu: um catálogo digital interativo e lindo pro link do Insta e Whats! 🌸✨ Posso te mandar 15 segundinhos de um vídeo curto pra você ver como fica na prática? 💕","Ah perfeita Leticia! 🥰 É que a gente desenvolveu o LashMenu, que transforma aquela tabela de preços tradicional num catálogo digital super interativo e elegante para o seu estúdio. Fica incrível no link da bio e facilita muito o atendimento no Whats! 💎✨ Gravei uma demonstração rápida de 15s. Posso te mandar aqui pra você dar uma olhada? 👁️💖","Maravilha Leticia! 💕 Vários estúdios sofrem perdendo tempo no Whats passando valores e tirando dúvidas de procedimentos soltos. Com o LashMenu, o seu estúdio ganha um catálogo digital interativo de alto padrão que agiliza seus agendamentos! 🚀🌸 Posso te enviar uma demonstração super rápida pra você ver como funciona? ✨","Prontinho Leticia! 🌸✨ Montei o catálogo exclusivo do seu estúdio para você dar uma olhada:
👉 [LINK_DO_CATALOGO_PERSONALIZADO_DELA] 😍💖

O valor de criação completa do LashMenu é R$ 197 no cartão. Mas fechando hoje por aqui no Pix, temos a condição especial por apenas *R$ 167 à vista (pagamento único sem mensalidades!)*. 🚀💎

Quer que eu já te envie a chave Pix para liberarmos o seu link definitivo hoje mesmo? 💕","Prontinho Leticia! 🥰 Olha como ficou elegante a apresentação dos seus procedimentos:
👉 [LINK_DO_CATALOGO_PERSONALIZADO_DELA] ✨🌸

Me conta o que achou! A taxa de configuração completa com suporte e hospedagem é R$ 197. Mas fechando via Pix hoje, liberamos por *R$ 167 à vista* (sem mensalidade nenhuma). 👑💎

Posso gerar a chave Pix para ativar o seu catálogo oficial agora? 🚀","Ficou pronto Leticia! 💖 Dá uma olhadinha em como o seu estúdio vai se destacar com o LashMenu:
👉 [LINK_DO_CATALOGO_PERSONALIZADO_DELA] 👁️✨

Consigo te garantir a condição exclusiva por Pix: de R$ 197 por apenas *R$ 167 à vista* (taxa única, seu catálogo fica ativo sem cobranças mensais!). 🎉🌸

Quer que eu te passe a chave Pix para finalizarmos? 💕"
5,95,Extensão de cílios By Poliana Souza,Setor Marista,4.9,57,+55 62 99118-9134,https://wa.me/5562991189134,,https://wa.me/message/LLEUM6GZ7Y7DM1,"Oii Poliana, tudo bem? 💕 Vi o seu perfil e achei os seus trabalhos de cílios simplesmente perfeitos! 😍✨ Você mesma quem cuida do agendamento por aqui?","Que ótimo Poliana! 😍 É que eu ajudo Lash Designers a valorizarem o trabalho e economizarem tempo no WhatsApp. Em vez de ficar mandando foto por foto de tabela solta ou explicando técnica por técnica, criamos o LashMenu: um catálogo digital interativo e lindo pro link do Insta e Whats! 🌸✨ Posso te mandar 15 segundinhos de um vídeo curto pra você ver como fica na prática? 💕","Prontinho Poliana! 🌸✨ Montei o catálogo exclusivo do seu estúdio para você dar uma olhada:
👉 [LINK_DO_CATALOGO_PERSONALIZADO_DELA] 😍💖

O valor de criação completa do LashMenu é R$ 197 no cartão. Mas fechando hoje por aqui no Pix, temos a condição especial por apenas *R$ 167 à vista (pagamento único sem mensalidades!)*. 🚀💎

Quer que eu já te envie a chave Pix para liberarmos o seu link definitivo hoje mesmo? 💕","R. 1137, 225 - QD; 243 LOTE 2 - St. Marista, Goiânia - GO, 74180-160, Brasil",https://www.google.com/maps/search/?api=1&query=Extens%C3%A3o%20de%20c%C3%ADlios%20By%20Poliana%20Souza&query_place_id=ChIJl_ZyRl_xXpMRoMv8tRv3jHo,"Oii Poliana, tudo bem? 💕 Vi o seu perfil e achei os seus trabalhos de cílios simplesmente perfeitos! 😍✨ Você mesma quem cuida do agendamento por aqui?","Olá Poliana, como você está? 🌸 Tive uma dúvida rápida olhando o seu perfil e resolvi te mandar mensagem por aqui. Você é a própria Poliana que atende no estúdio? 👁️","Oii Poliana, tudo joia? 💖 Estava olhando os seus atendimentos de cílios e fiquei encantada com a qualidade! Me tira uma dúvida rápida sobre o estúdio? ✨","Que ótimo Poliana! 😍 É que eu ajudo Lash Designers a valorizarem o trabalho e economizarem tempo no WhatsApp. Em vez de ficar mandando foto por foto de tabela solta ou explicando técnica por técnica, criamos o LashMenu: um catálogo digital interativo e lindo pro link do Insta e Whats! 🌸✨ Posso te mandar 15 segundinhos de um vídeo curto pra você ver como fica na prática? 💕","Ah perfeita Poliana! 🥰 É que a gente desenvolveu o LashMenu, que transforma aquela tabela de preços tradicional num catálogo digital super interativo e elegante para o seu estúdio. Fica incrível no link da bio e facilita muito o atendimento no Whats! 💎✨ Gravei uma demonstração rápida de 15s. Posso te mandar aqui pra você dar uma olhada? 👁️💖","Maravilha Poliana! 💕 Vários estúdios sofrem perdendo tempo no Whats passando valores e tirando dúvidas de procedimentos soltos. Com o LashMenu, o seu estúdio ganha um catálogo digital interativo de alto padrão que agiliza seus agendamentos! 🚀🌸 Posso te enviar uma demonstração super rápida pra você ver como funciona? ✨","Prontinho Poliana! 🌸✨ Montei o catálogo exclusivo do seu estúdio para você dar uma olhada:
👉 [LINK_DO_CATALOGO_PERSONALIZADO_DELA] 😍💖

O valor de criação completa do LashMenu é R$ 197 no cartão. Mas fechando hoje por aqui no Pix, temos a condição especial por apenas *R$ 167 à vista (pagamento único sem mensalidades!)*. 🚀💎

Quer que eu já te envie a chave Pix para liberarmos o seu link definitivo hoje mesmo? 💕","Prontinho Poliana! 🥰 Olha como ficou elegante a apresentação dos seus procedimentos:
👉 [LINK_DO_CATALOGO_PERSONALIZADO_DELA] ✨🌸

Me conta o que achou! A taxa de configuração completa com suporte e hospedagem é R$ 197. Mas fechando via Pix hoje, liberamos por *R$ 167 à vista* (sem mensalidade nenhuma). 👑💎

Posso gerar a chave Pix para ativar o seu catálogo oficial agora? 🚀","Ficou pronto Poliana! 💖 Dá uma olhadinha em como o seu estúdio vai se destacar com o LashMenu:
👉 [LINK_DO_CATALOGO_PERSONALIZADO_DELA] 👁️✨

Consigo te garantir a condição exclusiva por Pix: de R$ 197 por apenas *R$ 167 à vista* (taxa única, seu catálogo fica ativo sem cobranças mensais!). 🎉🌸

Quer que eu te passe a chave Pix para finalizarmos? 💕"
6,95,Tanielly Duarte Studio Beauty,Alto da Glória,5.0,53,+55 62 98494-6565,https://wa.me/5562984946565,@taniellyduartemakeup,https://www.instagram.com/taniellyduartemakeup/,"Oii Tanielly, tudo bem? 💕 Vi o seu perfil e achei os seus trabalhos de cílios simplesmente perfeitos! 😍✨ Você mesma quem cuida do agendamento por aqui?","Que ótimo Tanielly! 😍 É que eu ajudo Lash Designers a valorizarem o trabalho e economizarem tempo no WhatsApp. Em vez de ficar mandando foto por foto de tabela solta ou explicando técnica por técnica, criamos o LashMenu: um catálogo digital interativo e lindo pro link do Insta e Whats! 🌸✨ Posso te mandar 15 segundinhos de um vídeo curto pra você ver como fica na prática? 💕","Prontinho Tanielly! 🌸✨ Montei o catálogo exclusivo do seu estúdio para você dar uma olhada:
👉 [LINK_DO_CATALOGO_PERSONALIZADO_DELA] 😍💖

O valor de criação completa do LashMenu é R$ 197 no cartão. Mas fechando hoje por aqui no Pix, temos a condição especial por apenas *R$ 167 à vista (pagamento único sem mensalidades!)*. 🚀💎

Quer que eu já te envie a chave Pix para liberarmos o seu link definitivo hoje mesmo? 💕","R. São Luís, 364 - Alto da Glória, Goiânia - GO, 74815-755, Brasil",https://www.google.com/maps/search/?api=1&query=Tanielly%20Duarte%20Studio%20Beauty&query_place_id=ChIJw-k52L7xXpMRSfLrH3GEy1E,"Oii Tanielly, tudo bem? 💕 Vi o seu perfil e achei os seus trabalhos de cílios simplesmente perfeitos! 😍✨ Você mesma quem cuida do agendamento por aqui?","Olá Tanielly, como você está? 🌸 Tive uma dúvida rápida olhando o seu perfil e resolvi te mandar mensagem por aqui. Você é a própria Tanielly que atende no estúdio? 👁️","Oii Tanielly, tudo joia? 💖 Estava olhando os seus atendimentos de cílios e fiquei encantada com a qualidade! Me tira uma dúvida rápida sobre o estúdio? ✨","Que ótimo Tanielly! 😍 É que eu ajudo Lash Designers a valorizarem o trabalho e economizarem tempo no WhatsApp. Em vez de ficar mandando foto por foto de tabela solta ou explicando técnica por técnica, criamos o LashMenu: um catálogo digital interativo e lindo pro link do Insta e Whats! 🌸✨ Posso te mandar 15 segundinhos de um vídeo curto pra você ver como fica na prática? 💕","Ah perfeita Tanielly! 🥰 É que a gente desenvolveu o LashMenu, que transforma aquela tabela de preços tradicional num catálogo digital super interativo e elegante para o seu estúdio. Fica incrível no link da bio e facilita muito o atendimento no Whats! 💎✨ Gravei uma demonstração rápida de 15s. Posso te mandar aqui pra você dar uma olhada? 👁️💖","Maravilha Tanielly! 💕 Vários estúdios sofrem perdendo tempo no Whats passando valores e tirando dúvidas de procedimentos soltos. Com o LashMenu, o seu estúdio ganha um catálogo digital interativo de alto padrão que agiliza seus agendamentos! 🚀🌸 Posso te enviar uma demonstração super rápida pra você ver como funciona? ✨","Prontinho Tanielly! 🌸✨ Montei o catálogo exclusivo do seu estúdio para você dar uma olhada:
👉 [LINK_DO_CATALOGO_PERSONALIZADO_DELA] 😍💖

O valor de criação completa do LashMenu é R$ 197 no cartão. Mas fechando hoje por aqui no Pix, temos a condição especial por apenas *R$ 167 à vista (pagamento único sem mensalidades!)*. 🚀💎

Quer que eu já te envie a chave Pix para liberarmos o seu link definitivo hoje mesmo? 💕","Prontinho Tanielly! 🥰 Olha como ficou elegante a apresentação dos seus procedimentos:
👉 [LINK_DO_CATALOGO_PERSONALIZADO_DELA] ✨🌸

Me conta o que achou! A taxa de configuração completa com suporte e hospedagem é R$ 197. Mas fechando via Pix hoje, liberamos por *R$ 167 à vista* (sem mensalidade nenhuma). 👑💎

Posso gerar a chave Pix para ativar o seu catálogo oficial agora? 🚀","Ficou pronto Tanielly! 💖 Dá uma olhadinha em como o seu estúdio vai se destacar com o LashMenu:
👉 [LINK_DO_CATALOGO_PERSONALIZADO_DELA] 👁️✨

Consigo te garantir a condição exclusiva por Pix: de R$ 197 por apenas *R$ 167 à vista* (taxa única, seu catálogo fica ativo sem cobranças mensais!). 🎉🌸

Quer que eu te passe a chave Pix para finalizarmos? 💕"
7,90,Serena Beauty,Jardim Goiás,4.7,55,+55 62 98130-8053,https://wa.me/5562981308053,,https://www.annajulialashes.com.br/,"Oii Serena, tudo bem? 💕 Vi o seu perfil e achei os seus trabalhos de cílios simplesmente perfeitos! 😍✨ Você mesma quem cuida do agendamento por aqui?","Que ótimo Serena! 😍 É que eu ajudo Lash Designers a valorizarem o trabalho e economizarem tempo no WhatsApp. Em vez de ficar mandando foto por foto de tabela solta ou explicando técnica por técnica, criamos o LashMenu: um catálogo digital interativo e lindo pro link do Insta e Whats! 🌸✨ Posso te mandar 15 segundinhos de um vídeo curto pra você ver como fica na prática? 💕","Prontinho Serena! 🌸✨ Montei o catálogo exclusivo do seu estúdio para você dar uma olhada:
👉 [LINK_DO_CATALOGO_PERSONALIZADO_DELA] 😍💖

O valor de criação completa do LashMenu é R$ 197 no cartão. Mas fechando hoje por aqui no Pix, temos a condição especial por apenas *R$ 167 à vista (pagamento único sem mensalidades!)*. 🚀💎

Quer que eu já te envie a chave Pix para liberarmos o seu link definitivo hoje mesmo? 💕","Edifício Trend Office - R. 72, 325 - Sl 1101 - Jardim Goiás, Goiânia - GO, 74805-480, Brasil",https://www.google.com/maps/search/?api=1&query=Serena%20Beauty&query_place_id=ChIJ30V_nJLzXpMRZxr4KhUVXi8,"Oii Serena, tudo bem? 💕 Vi o seu perfil e achei os seus trabalhos de cílios simplesmente perfeitos! 😍✨ Você mesma quem cuida do agendamento por aqui?","Olá Serena, como você está? 🌸 Tive uma dúvida rápida olhando o seu perfil e resolvi te mandar mensagem por aqui. Você é a própria Serena que atende no estúdio? 👁️","Oii Serena, tudo joia? 💖 Estava olhando os seus atendimentos de cílios e fiquei encantada com a qualidade! Me tira uma dúvida rápida sobre o estúdio? ✨","Que ótimo Serena! 😍 É que eu ajudo Lash Designers a valorizarem o trabalho e economizarem tempo no WhatsApp. Em vez de ficar mandando foto por foto de tabela solta ou explicando técnica por técnica, criamos o LashMenu: um catálogo digital interativo e lindo pro link do Insta e Whats! 🌸✨ Posso te mandar 15 segundinhos de um vídeo curto pra você ver como fica na prática? 💕","Ah perfeita Serena! 🥰 É que a gente desenvolveu o LashMenu, que transforma aquela tabela de preços tradicional num catálogo digital super interativo e elegante para o seu estúdio. Fica incrível no link da bio e facilita muito o atendimento no Whats! 💎✨ Gravei uma demonstração rápida de 15s. Posso te mandar aqui pra você dar uma olhada? 👁️💖","Maravilha Serena! 💕 Vários estúdios sofrem perdendo tempo no Whats passando valores e tirando dúvidas de procedimentos soltos. Com o LashMenu, o seu estúdio ganha um catálogo digital interativo de alto padrão que agiliza seus agendamentos! 🚀🌸 Posso te enviar uma demonstração super rápida pra você ver como funciona? ✨","Prontinho Serena! 🌸✨ Montei o catálogo exclusivo do seu estúdio para você dar uma olhada:
👉 [LINK_DO_CATALOGO_PERSONALIZADO_DELA] 😍💖

O valor de criação completa do LashMenu é R$ 197 no cartão. Mas fechando hoje por aqui no Pix, temos a condição especial por apenas *R$ 167 à vista (pagamento único sem mensalidades!)*. 🚀💎

Quer que eu já te envie a chave Pix para liberarmos o seu link definitivo hoje mesmo? 💕","Prontinho Serena! 🥰 Olha como ficou elegante a apresentação dos seus procedimentos:
👉 [LINK_DO_CATALOGO_PERSONALIZADO_DELA] ✨🌸

Me conta o que achou! A taxa de configuração completa com suporte e hospedagem é R$ 197. Mas fechando via Pix hoje, liberamos por *R$ 167 à vista* (sem mensalidade nenhuma). 👑💎

Posso gerar a chave Pix para ativar o seu catálogo oficial agora? 🚀","Ficou pronto Serena! 💖 Dá uma olhadinha em como o seu estúdio vai se destacar com o LashMenu:
👉 [LINK_DO_CATALOGO_PERSONALIZADO_DELA] 👁️✨

Consigo te garantir a condição exclusiva por Pix: de R$ 197 por apenas *R$ 167 à vista* (taxa única, seu catálogo fica ativo sem cobranças mensais!). 🎉🌸

Quer que eu te passe a chave Pix para finalizarmos? 💕"
8,85,"Studio Cinthya Montanini Goiânia, Extensão de Cílios, Micropigmentação de Sobrancelha, Labial e alongamento de unha",Setor Bela Vista,5.0,74,+55 62 98595-0994,https://wa.me/5562985950994,@cinthyamontanini,https://www.instagram.com/cinthyamontanini/,"Oii Cinthya, tudo bem? 💕 Vi o seu perfil e achei os seus trabalhos de cílios simplesmente perfeitos! 😍✨ Você mesma quem cuida do agendamento por aqui?","Que ótimo Cinthya! 😍 É que eu ajudo Lash Designers a valorizarem o trabalho e economizarem tempo no WhatsApp. Em vez de ficar mandando foto por foto de tabela solta ou explicando técnica por técnica, criamos o LashMenu: um catálogo digital interativo e lindo pro link do Insta e Whats! 🌸✨ Posso te mandar 15 segundinhos de um vídeo curto pra você ver como fica na prática? 💕","Prontinho Cinthya! 🌸✨ Montei o catálogo exclusivo do seu estúdio para você dar uma olhada:
👉 [LINK_DO_CATALOGO_PERSONALIZADO_DELA] 😍💖

O valor de criação completa do LashMenu é R$ 197 no cartão. Mas fechando hoje por aqui no Pix, temos a condição especial por apenas *R$ 167 à vista (pagamento único sem mensalidades!)*. 🚀💎

Quer que eu já te envie a chave Pix para liberarmos o seu link definitivo hoje mesmo? 💕","Comercial das acácias - Alameda Couto Magalhães, 755 - qd S-28 lt 4 sala 201 - St. Bela Vista, Goiânia - GO, 74823-410, Brasil",https://www.google.com/maps/search/?api=1&query=Studio%20Cinthya%20Montanini%20Goi%C3%A2nia%2C%20Extens%C3%A3o%20de%20C%C3%ADlios%2C%20Micropigmenta%C3%A7%C3%A3o%20de%20Sobrancelha%2C%20Labial%20e%20alongamento%20de%20unha&query_place_id=ChIJGzUau7jxXpMRuco3wD_9oYU,"Oii Cinthya, tudo bem? 💕 Vi o seu perfil e achei os seus trabalhos de cílios simplesmente perfeitos! 😍✨ Você mesma quem cuida do agendamento por aqui?","Olá Cinthya, como você está? 🌸 Tive uma dúvida rápida olhando o seu perfil e resolvi te mandar mensagem por aqui. Você é a própria Cinthya que atende no estúdio? 👁️","Oii Cinthya, tudo joia? 💖 Estava olhando os seus atendimentos de cílios e fiquei encantada com a qualidade! Me tira uma dúvida rápida sobre o estúdio? ✨","Que ótimo Cinthya! 😍 É que eu ajudo Lash Designers a valorizarem o trabalho e economizarem tempo no WhatsApp. Em vez de ficar mandando foto por foto de tabela solta ou explicando técnica por técnica, criamos o LashMenu: um catálogo digital interativo e lindo pro link do Insta e Whats! 🌸✨ Posso te mandar 15 segundinhos de um vídeo curto pra você ver como fica na prática? 💕","Ah perfeita Cinthya! 🥰 É que a gente desenvolveu o LashMenu, que transforma aquela tabela de preços tradicional num catálogo digital super interativo e elegante para o seu estúdio. Fica incrível no link da bio e facilita muito o atendimento no Whats! 💎✨ Gravei uma demonstração rápida de 15s. Posso te mandar aqui pra você dar uma olhada? 👁️💖","Maravilha Cinthya! 💕 Vários estúdios sofrem perdendo tempo no Whats passando valores e tirando dúvidas de procedimentos soltos. Com o LashMenu, o seu estúdio ganha um catálogo digital interativo de alto padrão que agiliza seus agendamentos! 🚀🌸 Posso te enviar uma demonstração super rápida pra você ver como funciona? ✨","Prontinho Cinthya! 🌸✨ Montei o catálogo exclusivo do seu estúdio para você dar uma olhada:
👉 [LINK_DO_CATALOGO_PERSONALIZADO_DELA] 😍💖

O valor de criação completa do LashMenu é R$ 197 no cartão. Mas fechando hoje por aqui no Pix, temos a condição especial por apenas *R$ 167 à vista (pagamento único sem mensalidades!)*. 🚀💎

Quer que eu já te envie a chave Pix para liberarmos o seu link definitivo hoje mesmo? 💕","Prontinho Cinthya! 🥰 Olha como ficou elegante a apresentação dos seus procedimentos:
👉 [LINK_DO_CATALOGO_PERSONALIZADO_DELA] ✨🌸

Me conta o que achou! A taxa de configuração completa com suporte e hospedagem é R$ 197. Mas fechando via Pix hoje, liberamos por *R$ 167 à vista* (sem mensalidade nenhuma). 👑💎

Posso gerar a chave Pix para ativar o seu catálogo oficial agora? 🚀","Ficou pronto Cinthya! 💖 Dá uma olhadinha em como o seu estúdio vai se destacar com o LashMenu:
👉 [LINK_DO_CATALOGO_PERSONALIZADO_DELA] 👁️✨

Consigo te garantir a condição exclusiva por Pix: de R$ 197 por apenas *R$ 167 à vista* (taxa única, seu catálogo fica ativo sem cobranças mensais!). 🎉🌸

Quer que eu te passe a chave Pix para finalizarmos? 💕"
9,85,Design de Sobrancelhas e brow lamination Goiânia - Milenne Beauty Organiq,Setor Sul,5.0,73,+55 62 98111-2183,https://wa.me/5562981112183,@milennebeauty,https://www.instagram.com/milennebeauty/,"Oii Milenne, tudo bem? 💕 Vi o seu perfil e achei os seus trabalhos de cílios simplesmente perfeitos! 😍✨ Você mesma quem cuida do agendamento por aqui?","Que ótimo Milenne! 😍 É que eu ajudo Lash Designers a valorizarem o trabalho e economizarem tempo no WhatsApp. Em vez de ficar mandando foto por foto de tabela solta ou explicando técnica por técnica, criamos o LashMenu: um catálogo digital interativo e lindo pro link do Insta e Whats! 🌸✨ Posso te mandar 15 segundinhos de um vídeo curto pra você ver como fica na prática? 💕","Prontinho Milenne! 🌸✨ Montei o catálogo exclusivo do seu estúdio para você dar uma olhada:
👉 [LINK_DO_CATALOGO_PERSONALIZADO_DELA] 😍💖

O valor de criação completa do LashMenu é R$ 197 no cartão. Mas fechando hoje por aqui no Pix, temos a condição especial por apenas *R$ 167 à vista (pagamento único sem mensalidades!)*. 🚀💎

Quer que eu já te envie a chave Pix para liberarmos o seu link definitivo hoje mesmo? 💕","Rua 131 Q Area, 342 - St. Sul, Goiânia - GO, 74093-200, Brasil",https://www.google.com/maps/search/?api=1&query=Design%20de%20Sobrancelhas%20e%20brow%20lamination%20Goi%C3%A2nia%20-%20Milenne%20Beauty%20Organiq&query_place_id=ChIJKSdJ9xXxXpMR2i-K-1q6l5w,"Oii Milenne, tudo bem? 💕 Vi o seu perfil e achei os seus trabalhos de cílios simplesmente perfeitos! 😍✨ Você mesma quem cuida do agendamento por aqui?","Olá Milenne, como você está? 🌸 Tive uma dúvida rápida olhando o seu perfil e resolvi te mandar mensagem por aqui. Você é a própria Milenne que atende no estúdio? 👁️","Oii Milenne, tudo joia? 💖 Estava olhando os seus atendimentos de cílios e fiquei encantada com a qualidade! Me tira uma dúvida rápida sobre o estúdio? ✨","Que ótimo Milenne! 😍 É que eu ajudo Lash Designers a valorizarem o trabalho e economizarem tempo no WhatsApp. Em vez de ficar mandando foto por foto de tabela solta ou explicando técnica por técnica, criamos o LashMenu: um catálogo digital interativo e lindo pro link do Insta e Whats! 🌸✨ Posso te mandar 15 segundinhos de um vídeo curto pra você ver como fica na prática? 💕","Ah perfeita Milenne! 🥰 É que a gente desenvolveu o LashMenu, que transforma aquela tabela de preços tradicional num catálogo digital super interativo e elegante para o seu estúdio. Fica incrível no link da bio e facilita muito o atendimento no Whats! 💎✨ Gravei uma demonstração rápida de 15s. Posso te mandar aqui pra você dar uma olhada? 👁️💖","Maravilha Milenne! 💕 Vários estúdios sofrem perdendo tempo no Whats passando valores e tirando dúvidas de procedimentos soltos. Com o LashMenu, o seu estúdio ganha um catálogo digital interativo de alto padrão que agiliza seus agendamentos! 🚀🌸 Posso te enviar uma demonstração super rápida pra você ver como funciona? ✨","Prontinho Milenne! 🌸✨ Montei o catálogo exclusivo do seu estúdio para você dar uma olhada:
👉 [LINK_DO_CATALOGO_PERSONALIZADO_DELA] 😍💖

O valor de criação completa do LashMenu é R$ 197 no cartão. Mas fechando hoje por aqui no Pix, temos a condição especial por apenas *R$ 167 à vista (pagamento único sem mensalidades!)*. 🚀💎

Quer que eu já te envie a chave Pix para liberarmos o seu link definitivo hoje mesmo? 💕","Prontinho Milenne! 🥰 Olha como ficou elegante a apresentação dos seus procedimentos:
👉 [LINK_DO_CATALOGO_PERSONALIZADO_DELA] ✨🌸

Me conta o que achou! A taxa de configuração completa com suporte e hospedagem é R$ 197. Mas fechando via Pix hoje, liberamos por *R$ 167 à vista* (sem mensalidade nenhuma). 👑💎

Posso gerar a chave Pix para ativar o seu catálogo oficial agora? 🚀","Ficou pronto Milenne! 💖 Dá uma olhadinha em como o seu estúdio vai se destacar com o LashMenu:
👉 [LINK_DO_CATALOGO_PERSONALIZADO_DELA] 👁️✨

Consigo te garantir a condição exclusiva por Pix: de R$ 197 por apenas *R$ 167 à vista* (taxa única, seu catálogo fica ativo sem cobranças mensais!). 🎉🌸

Quer que eu te passe a chave Pix para finalizarmos? 💕"
10,85,Extensão de Cílios e Design de Sobrancelhas | Studio Brunna Lima Beauty Goiânia,Setor Leste Universitário,5.0,68,+55 62 98275-9174,https://wa.me/5562982759174,@brunnalimabeauty,https://www.instagram.com/brunnalimabeauty?igsh=MXd0eWlxY3MxcjRnYw==,"Oii Brunna, tudo bem? 💕 Vi o seu perfil e achei os seus trabalhos de cílios simplesmente perfeitos! 😍✨ Você mesma quem cuida do agendamento por aqui?","Que ótimo Brunna! 😍 É que eu ajudo Lash Designers a valorizarem o trabalho e economizarem tempo no WhatsApp. Em vez de ficar mandando foto por foto de tabela solta ou explicando técnica por técnica, criamos o LashMenu: um catálogo digital interativo e lindo pro link do Insta e Whats! 🌸✨ Posso te mandar 15 segundinhos de um vídeo curto pra você ver como fica na prática? 💕","Prontinho Brunna! 🌸✨ Montei o catálogo exclusivo do seu estúdio para você dar uma olhada:
👉 [LINK_DO_CATALOGO_PERSONALIZADO_DELA] 😍💖

O valor de criação completa do LashMenu é R$ 197 no cartão. Mas fechando hoje por aqui no Pix, temos a condição especial por apenas *R$ 167 à vista (pagamento único sem mensalidades!)*. 🚀💎

Quer que eu já te envie a chave Pix para liberarmos o seu link definitivo hoje mesmo? 💕","R. 217, 930 - Setor Leste Universitário, Goiânia - GO, 74603-090, Brasil",https://www.google.com/maps/search/?api=1&query=Extens%C3%A3o%20de%20C%C3%ADlios%20e%20Design%20de%20Sobrancelhas%20%7C%20Studio%20Brunna%20Lima%20Beauty%20Goi%C3%A2nia&query_place_id=ChIJr9nEaLHzXpMR93NBR10NBeY,"Oii Brunna, tudo bem? 💕 Vi o seu perfil e achei os seus trabalhos de cílios simplesmente perfeitos! 😍✨ Você mesma quem cuida do agendamento por aqui?","Olá Brunna, como você está? 🌸 Tive uma dúvida rápida olhando o seu perfil e resolvi te mandar mensagem por aqui. Você é a própria Brunna que atende no estúdio? 👁️","Oii Brunna, tudo joia? 💖 Estava olhando os seus atendimentos de cílios e fiquei encantada com a qualidade! Me tira uma dúvida rápida sobre o estúdio? ✨","Que ótimo Brunna! 😍 É que eu ajudo Lash Designers a valorizarem o trabalho e economizarem tempo no WhatsApp. Em vez de ficar mandando foto por foto de tabela solta ou explicando técnica por técnica, criamos o LashMenu: um catálogo digital interativo e lindo pro link do Insta e Whats! 🌸✨ Posso te mandar 15 segundinhos de um vídeo curto pra você ver como fica na prática? 💕","Ah perfeita Brunna! 🥰 É que a gente desenvolveu o LashMenu, que transforma aquela tabela de preços tradicional num catálogo digital super interativo e elegante para o seu estúdio. Fica incrível no link da bio e facilita muito o atendimento no Whats! 💎✨ Gravei uma demonstração rápida de 15s. Posso te mandar aqui pra você dar uma olhada? 👁️💖","Maravilha Brunna! 💕 Vários estúdios sofrem perdendo tempo no Whats passando valores e tirando dúvidas de procedimentos soltos. Com o LashMenu, o seu estúdio ganha um catálogo digital interativo de alto padrão que agiliza seus agendamentos! 🚀🌸 Posso te enviar uma demonstração super rápida pra você ver como funciona? ✨","Prontinho Brunna! 🌸✨ Montei o catálogo exclusivo do seu estúdio para você dar uma olhada:
👉 [LINK_DO_CATALOGO_PERSONALIZADO_DELA] 😍💖

O valor de criação completa do LashMenu é R$ 197 no cartão. Mas fechando hoje por aqui no Pix, temos a condição especial por apenas *R$ 167 à vista (pagamento único sem mensalidades!)*. 🚀💎

Quer que eu já te envie a chave Pix para liberarmos o seu link definitivo hoje mesmo? 💕","Prontinho Brunna! 🥰 Olha como ficou elegante a apresentação dos seus procedimentos:
👉 [LINK_DO_CATALOGO_PERSONALIZADO_DELA] ✨🌸

Me conta o que achou! A taxa de configuração completa com suporte e hospedagem é R$ 197. Mas fechando via Pix hoje, liberamos por *R$ 167 à vista* (sem mensalidade nenhuma). 👑💎

Posso gerar a chave Pix para ativar o seu catálogo oficial agora? 🚀","Ficou pronto Brunna! 💖 Dá uma olhadinha em como o seu estúdio vai se destacar com o LashMenu:
👉 [LINK_DO_CATALOGO_PERSONALIZADO_DELA] 👁️✨

Consigo te garantir a condição exclusiva por Pix: de R$ 197 por apenas *R$ 167 à vista* (taxa única, seu catálogo fica ativo sem cobranças mensais!). 🎉🌸

Quer que eu te passe a chave Pix para finalizarmos? 💕"
11,85,Bella Cílios e sobrancelhas,Setor Negrão de Lima,4.9,52,+55 62 98473-3800,https://wa.me/5562984733800,@bellaciliosesobrancelhasgo,https://www.instagram.com/bellaciliosesobrancelhasgo,"Oii Bella, tudo bem? 💕 Vi o seu perfil e achei os seus trabalhos de cílios simplesmente perfeitos! 😍✨ Você mesma quem cuida do agendamento por aqui?","Que ótimo Bella! 😍 É que eu ajudo Lash Designers a valorizarem o trabalho e economizarem tempo no WhatsApp. Em vez de ficar mandando foto por foto de tabela solta ou explicando técnica por técnica, criamos o LashMenu: um catálogo digital interativo e lindo pro link do Insta e Whats! 🌸✨ Posso te mandar 15 segundinhos de um vídeo curto pra você ver como fica na prática? 💕","Prontinho Bella! 🌸✨ Montei o catálogo exclusivo do seu estúdio para você dar uma olhada:
👉 [LINK_DO_CATALOGO_PERSONALIZADO_DELA] 😍💖

O valor de criação completa do LashMenu é R$ 197 no cartão. Mas fechando hoje por aqui no Pix, temos a condição especial por apenas *R$ 167 à vista (pagamento único sem mensalidades!)*. 🚀💎

Quer que eu já te envie a chave Pix para liberarmos o seu link definitivo hoje mesmo? 💕","R. Dona Mariquinha, Qd 21 - Lt 26 sala 01 - Setor Negrão de Lima, Goiânia - GO, 74650-130, Brasil",https://www.google.com/maps/search/?api=1&query=Bella%20C%C3%ADlios%20e%20sobrancelhas&query_place_id=ChIJqcYJEjXyXpMRtnQQ3biylr4,"Oii Bella, tudo bem? 💕 Vi o seu perfil e achei os seus trabalhos de cílios simplesmente perfeitos! 😍✨ Você mesma quem cuida do agendamento por aqui?","Olá Bella, como você está? 🌸 Tive uma dúvida rápida olhando o seu perfil e resolvi te mandar mensagem por aqui. Você é a própria Bella que atende no estúdio? 👁️","Oii Bella, tudo joia? 💖 Estava olhando os seus atendimentos de cílios e fiquei encantada com a qualidade! Me tira uma dúvida rápida sobre o estúdio? ✨","Que ótimo Bella! 😍 É que eu ajudo Lash Designers a valorizarem o trabalho e economizarem tempo no WhatsApp. Em vez de ficar mandando foto por foto de tabela solta ou explicando técnica por técnica, criamos o LashMenu: um catálogo digital interativo e lindo pro link do Insta e Whats! 🌸✨ Posso te mandar 15 segundinhos de um vídeo curto pra você ver como fica na prática? 💕","Ah perfeita Bella! 🥰 É que a gente desenvolveu o LashMenu, que transforma aquela tabela de preços tradicional num catálogo digital super interativo e elegante para o seu estúdio. Fica incrível no link da bio e facilita muito o atendimento no Whats! 💎✨ Gravei uma demonstração rápida de 15s. Posso te mandar aqui pra você dar uma olhada? 👁️💖","Maravilha Bella! 💕 Vários estúdios sofrem perdendo tempo no Whats passando valores e tirando dúvidas de procedimentos soltos. Com o LashMenu, o seu estúdio ganha um catálogo digital interativo de alto padrão que agiliza seus agendamentos! 🚀🌸 Posso te enviar uma demonstração super rápida pra você ver como funciona? ✨","Prontinho Bella! 🌸✨ Montei o catálogo exclusivo do seu estúdio para você dar uma olhada:
👉 [LINK_DO_CATALOGO_PERSONALIZADO_DELA] 😍💖

O valor de criação completa do LashMenu é R$ 197 no cartão. Mas fechando hoje por aqui no Pix, temos a condição especial por apenas *R$ 167 à vista (pagamento único sem mensalidades!)*. 🚀💎

Quer que eu já te envie a chave Pix para liberarmos o seu link definitivo hoje mesmo? 💕","Prontinho Bella! 🥰 Olha como ficou elegante a apresentação dos seus procedimentos:
👉 [LINK_DO_CATALOGO_PERSONALIZADO_DELA] ✨🌸

Me conta o que achou! A taxa de configuração completa com suporte e hospedagem é R$ 197. Mas fechando via Pix hoje, liberamos por *R$ 167 à vista* (sem mensalidade nenhuma). 👑💎

Posso gerar a chave Pix para ativar o seu catálogo oficial agora? 🚀","Ficou pronto Bella! 💖 Dá uma olhadinha em como o seu estúdio vai se destacar com o LashMenu:
👉 [LINK_DO_CATALOGO_PERSONALIZADO_DELA] 👁️✨

Consigo te garantir a condição exclusiva por Pix: de R$ 197 por apenas *R$ 167 à vista* (taxa única, seu catálogo fica ativo sem cobranças mensais!). 🎉🌸

Quer que eu te passe a chave Pix para finalizarmos? 💕"
12,80,Studio Maria Eugênia Sobrancelhas,Parque Atheneu,5.0,48,+55 62 98447-9988,https://wa.me/5562984479988,@mariaeugeniasobrancelhas,https://instagram.com/mariaeugeniasobrancelhas?utm_medium=copy_link,"Oii Maria Eugênia, tudo bem? 💕 Vi o seu perfil e achei os seus trabalhos de cílios simplesmente perfeitos! 😍✨ Você mesma quem cuida do agendamento por aqui?","Que ótimo Maria Eugênia! 😍 É que eu ajudo Lash Designers a valorizarem o trabalho e economizarem tempo no WhatsApp. Em vez de ficar mandando foto por foto de tabela solta ou explicando técnica por técnica, criamos o LashMenu: um catálogo digital interativo e lindo pro link do Insta e Whats! 🌸✨ Posso te mandar 15 segundinhos de um vídeo curto pra você ver como fica na prática? 💕","Prontinho Maria Eugênia! 🌸✨ Montei o catálogo exclusivo do seu estúdio para você dar uma olhada:
👉 [LINK_DO_CATALOGO_PERSONALIZADO_DELA] 😍💖

O valor de criação completa do LashMenu é R$ 197 no cartão. Mas fechando hoje por aqui no Pix, temos a condição especial por apenas *R$ 167 à vista (pagamento único sem mensalidades!)*. 🚀💎

Quer que eu já te envie a chave Pix para liberarmos o seu link definitivo hoje mesmo? 💕","R. 3, lote 8 - unidade 103 - Parque Atheneu, Goiânia - GO, 74893-130, Brasil",https://www.google.com/maps/search/?api=1&query=Studio%20Maria%20Eug%C3%AAnia%20Sobrancelhas&query_place_id=ChIJU43d51L1XpMRs5E5kKLMxX0,"Oii Maria Eugênia, tudo bem? 💕 Vi o seu perfil e achei os seus trabalhos de cílios simplesmente perfeitos! 😍✨ Você mesma quem cuida do agendamento por aqui?","Olá Maria Eugênia, como você está? 🌸 Tive uma dúvida rápida olhando o seu perfil e resolvi te mandar mensagem por aqui. Você é a própria Maria Eugênia que atende no estúdio? 👁️","Oii Maria Eugênia, tudo joia? 💖 Estava olhando os seus atendimentos de cílios e fiquei encantada com a qualidade! Me tira uma dúvida rápida sobre o estúdio? ✨","Que ótimo Maria Eugênia! 😍 É que eu ajudo Lash Designers a valorizarem o trabalho e economizarem tempo no WhatsApp. Em vez de ficar mandando foto por foto de tabela solta ou explicando técnica por técnica, criamos o LashMenu: um catálogo digital interativo e lindo pro link do Insta e Whats! 🌸✨ Posso te mandar 15 segundinhos de um vídeo curto pra você ver como fica na prática? 💕","Ah perfeita Maria Eugênia! 🥰 É que a gente desenvolveu o LashMenu, que transforma aquela tabela de preços tradicional num catálogo digital super interativo e elegante para o seu estúdio. Fica incrível no link da bio e facilita muito o atendimento no Whats! 💎✨ Gravei uma demonstração rápida de 15s. Posso te mandar aqui pra você dar uma olhada? 👁️💖","Maravilha Maria Eugênia! 💕 Vários estúdios sofrem perdendo tempo no Whats passando valores e tirando dúvidas de procedimentos soltos. Com o LashMenu, o seu estúdio ganha um catálogo digital interativo de alto padrão que agiliza seus agendamentos! 🚀🌸 Posso te enviar uma demonstração super rápida pra você ver como funciona? ✨","Prontinho Maria Eugênia! 🌸✨ Montei o catálogo exclusivo do seu estúdio para você dar uma olhada:
👉 [LINK_DO_CATALOGO_PERSONALIZADO_DELA] 😍💖

O valor de criação completa do LashMenu é R$ 197 no cartão. Mas fechando hoje por aqui no Pix, temos a condição especial por apenas *R$ 167 à vista (pagamento único sem mensalidades!)*. 🚀💎

Quer que eu já te envie a chave Pix para liberarmos o seu link definitivo hoje mesmo? 💕","Prontinho Maria Eugênia! 🥰 Olha como ficou elegante a apresentação dos seus procedimentos:
👉 [LINK_DO_CATALOGO_PERSONALIZADO_DELA] ✨🌸

Me conta o que achou! A taxa de configuração completa com suporte e hospedagem é R$ 197. Mas fechando via Pix hoje, liberamos por *R$ 167 à vista* (sem mensalidade nenhuma). 👑💎

Posso gerar a chave Pix para ativar o seu catálogo oficial agora? 🚀","Ficou pronto Maria Eugênia! 💖 Dá uma olhadinha em como o seu estúdio vai se destacar com o LashMenu:
👉 [LINK_DO_CATALOGO_PERSONALIZADO_DELA] 👁️✨

Consigo te garantir a condição exclusiva por Pix: de R$ 197 por apenas *R$ 167 à vista* (taxa única, seu catálogo fica ativo sem cobranças mensais!). 🎉🌸

Quer que eu te passe a chave Pix para finalizarmos? 💕"
13,80,Mariane Moreno Sobrancelhas,Parque Atheneu,5.0,43,+55 62 99996-1107,https://wa.me/5562999961107,@marianemoreno.sobrancelhas,https://www.instagram.com/marianemoreno.sobrancelhas?r=nametag,"Oii Mariane, tudo bem? 💕 Vi o seu perfil e achei os seus trabalhos de cílios simplesmente perfeitos! 😍✨ Você mesma quem cuida do agendamento por aqui?","Que ótimo Mariane! 😍 É que eu ajudo Lash Designers a valorizarem o trabalho e economizarem tempo no WhatsApp. Em vez de ficar mandando foto por foto de tabela solta ou explicando técnica por técnica, criamos o LashMenu: um catálogo digital interativo e lindo pro link do Insta e Whats! 🌸✨ Posso te mandar 15 segundinhos de um vídeo curto pra você ver como fica na prática? 💕","Prontinho Mariane! 🌸✨ Montei o catálogo exclusivo do seu estúdio para você dar uma olhada:
👉 [LINK_DO_CATALOGO_PERSONALIZADO_DELA] 😍💖

O valor de criação completa do LashMenu é R$ 197 no cartão. Mas fechando hoje por aqui no Pix, temos a condição especial por apenas *R$ 167 à vista (pagamento único sem mensalidades!)*. 🚀💎

Quer que eu já te envie a chave Pix para liberarmos o seu link definitivo hoje mesmo? 💕","R. Quinze, 47 - Und 201 - Parque Atheneu, Goiânia - GO, 74890-230, Brasil",https://www.google.com/maps/search/?api=1&query=Mariane%20Moreno%20Sobrancelhas&query_place_id=ChIJX1H2g17lXpMRgNeUw_-gzZw,"Oii Mariane, tudo bem? 💕 Vi o seu perfil e achei os seus trabalhos de cílios simplesmente perfeitos! 😍✨ Você mesma quem cuida do agendamento por aqui?","Olá Mariane, como você está? 🌸 Tive uma dúvida rápida olhando o seu perfil e resolvi te mandar mensagem por aqui. Você é a própria Mariane que atende no estúdio? 👁️","Oii Mariane, tudo joia? 💖 Estava olhando os seus atendimentos de cílios e fiquei encantada com a qualidade! Me tira uma dúvida rápida sobre o estúdio? ✨","Que ótimo Mariane! 😍 É que eu ajudo Lash Designers a valorizarem o trabalho e economizarem tempo no WhatsApp. Em vez de ficar mandando foto por foto de tabela solta ou explicando técnica por técnica, criamos o LashMenu: um catálogo digital interativo e lindo pro link do Insta e Whats! 🌸✨ Posso te mandar 15 segundinhos de um vídeo curto pra você ver como fica na prática? 💕","Ah perfeita Mariane! 🥰 É que a gente desenvolveu o LashMenu, que transforma aquela tabela de preços tradicional num catálogo digital super interativo e elegante para o seu estúdio. Fica incrível no link da bio e facilita muito o atendimento no Whats! 💎✨ Gravei uma demonstração rápida de 15s. Posso te mandar aqui pra você dar uma olhada? 👁️💖","Maravilha Mariane! 💕 Vários estúdios sofrem perdendo tempo no Whats passando valores e tirando dúvidas de procedimentos soltos. Com o LashMenu, o seu estúdio ganha um catálogo digital interativo de alto padrão que agiliza seus agendamentos! 🚀🌸 Posso te enviar uma demonstração super rápida pra você ver como funciona? ✨","Prontinho Mariane! 🌸✨ Montei o catálogo exclusivo do seu estúdio para você dar uma olhada:
👉 [LINK_DO_CATALOGO_PERSONALIZADO_DELA] 😍💖

O valor de criação completa do LashMenu é R$ 197 no cartão. Mas fechando hoje por aqui no Pix, temos a condição especial por apenas *R$ 167 à vista (pagamento único sem mensalidades!)*. 🚀💎

Quer que eu já te envie a chave Pix para liberarmos o seu link definitivo hoje mesmo? 💕","Prontinho Mariane! 🥰 Olha como ficou elegante a apresentação dos seus procedimentos:
👉 [LINK_DO_CATALOGO_PERSONALIZADO_DELA] ✨🌸

Me conta o que achou! A taxa de configuração completa com suporte e hospedagem é R$ 197. Mas fechando via Pix hoje, liberamos por *R$ 167 à vista* (sem mensalidade nenhuma). 👑💎

Posso gerar a chave Pix para ativar o seu catálogo oficial agora? 🚀","Ficou pronto Mariane! 💖 Dá uma olhadinha em como o seu estúdio vai se destacar com o LashMenu:
👉 [LINK_DO_CATALOGO_PERSONALIZADO_DELA] 👁️✨

Consigo te garantir a condição exclusiva por Pix: de R$ 197 por apenas *R$ 167 à vista* (taxa única, seu catálogo fica ativo sem cobranças mensais!). 🎉🌸

Quer que eu te passe a chave Pix para finalizarmos? 💕"
14,80,Studio Isabela Souza | Cílios e Sobrancelhas em Goiânia,Vila Redencao,5.0,31,+55 62 99304-1775,https://wa.me/5562993041775,@studioisabelasouza,https://www.instagram.com/studioisabelasouza,"Oii Isabela, tudo bem? 💕 Vi o seu perfil e achei os seus trabalhos de cílios simplesmente perfeitos! 😍✨ Você mesma quem cuida do agendamento por aqui?","Que ótimo Isabela! 😍 É que eu ajudo Lash Designers a valorizarem o trabalho e economizarem tempo no WhatsApp. Em vez de ficar mandando foto por foto de tabela solta ou explicando técnica por técnica, criamos o LashMenu: um catálogo digital interativo e lindo pro link do Insta e Whats! 🌸✨ Posso te mandar 15 segundinhos de um vídeo curto pra você ver como fica na prática? 💕","Prontinho Isabela! 🌸✨ Montei o catálogo exclusivo do seu estúdio para você dar uma olhada:
👉 [LINK_DO_CATALOGO_PERSONALIZADO_DELA] 😍💖

O valor de criação completa do LashMenu é R$ 197 no cartão. Mas fechando hoje por aqui no Pix, temos a condição especial por apenas *R$ 167 à vista (pagamento único sem mensalidades!)*. 🚀💎

Quer que eu já te envie a chave Pix para liberarmos o seu link definitivo hoje mesmo? 💕","Av. 2ª Radial, Qd. 70 - Lt. 06 Sala 2 - Vila Redencao, Goiânia - GO, 74850-040, Brasil",https://www.google.com/maps/search/?api=1&query=Studio%20Isabela%20Souza%20%7C%20C%C3%ADlios%20e%20Sobrancelhas%20em%20Goi%C3%A2nia&query_place_id=ChIJ6_FUKYnxXpMRZl7o8vNiDJE,"Oii Isabela, tudo bem? 💕 Vi o seu perfil e achei os seus trabalhos de cílios simplesmente perfeitos! 😍✨ Você mesma quem cuida do agendamento por aqui?","Olá Isabela, como você está? 🌸 Tive uma dúvida rápida olhando o seu perfil e resolvi te mandar mensagem por aqui. Você é a própria Isabela que atende no estúdio? 👁️","Oii Isabela, tudo joia? 💖 Estava olhando os seus atendimentos de cílios e fiquei encantada com a qualidade! Me tira uma dúvida rápida sobre o estúdio? ✨","Que ótimo Isabela! 😍 É que eu ajudo Lash Designers a valorizarem o trabalho e economizarem tempo no WhatsApp. Em vez de ficar mandando foto por foto de tabela solta ou explicando técnica por técnica, criamos o LashMenu: um catálogo digital interativo e lindo pro link do Insta e Whats! 🌸✨ Posso te mandar 15 segundinhos de um vídeo curto pra você ver como fica na prática? 💕","Ah perfeita Isabela! 🥰 É que a gente desenvolveu o LashMenu, que transforma aquela tabela de preços tradicional num catálogo digital super interativo e elegante para o seu estúdio. Fica incrível no link da bio e facilita muito o atendimento no Whats! 💎✨ Gravei uma demonstração rápida de 15s. Posso te mandar aqui pra você dar uma olhada? 👁️💖","Maravilha Isabela! 💕 Vários estúdios sofrem perdendo tempo no Whats passando valores e tirando dúvidas de procedimentos soltos. Com o LashMenu, o seu estúdio ganha um catálogo digital interativo de alto padrão que agiliza seus agendamentos! 🚀🌸 Posso te enviar uma demonstração super rápida pra você ver como funciona? ✨","Prontinho Isabela! 🌸✨ Montei o catálogo exclusivo do seu estúdio para você dar uma olhada:
👉 [LINK_DO_CATALOGO_PERSONALIZADO_DELA] 😍💖

O valor de criação completa do LashMenu é R$ 197 no cartão. Mas fechando hoje por aqui no Pix, temos a condição especial por apenas *R$ 167 à vista (pagamento único sem mensalidades!)*. 🚀💎

Quer que eu já te envie a chave Pix para liberarmos o seu link definitivo hoje mesmo? 💕","Prontinho Isabela! 🥰 Olha como ficou elegante a apresentação dos seus procedimentos:
👉 [LINK_DO_CATALOGO_PERSONALIZADO_DELA] ✨🌸

Me conta o que achou! A taxa de configuração completa com suporte e hospedagem é R$ 197. Mas fechando via Pix hoje, liberamos por *R$ 167 à vista* (sem mensalidade nenhuma). 👑💎

Posso gerar a chave Pix para ativar o seu catálogo oficial agora? 🚀","Ficou pronto Isabela! 💖 Dá uma olhadinha em como o seu estúdio vai se destacar com o LashMenu:
👉 [LINK_DO_CATALOGO_PERSONALIZADO_DELA] 👁️✨

Consigo te garantir a condição exclusiva por Pix: de R$ 197 por apenas *R$ 167 à vista* (taxa única, seu catálogo fica ativo sem cobranças mensais!). 🎉🌸

Quer que eu te passe a chave Pix para finalizarmos? 💕"
15,80,Déborah Alvarenga Beauty - Cílios Goiânia / Sobrancelha Natural / Cílios,Nova Suiça,5.0,27,+55 62 98583-6759,https://wa.me/5562985836759,@deborahalvarengabeauty,https://instagram.com/deborahalvarengabeauty?igshid=psiw92bajlso,"Oii Déborah, tudo bem? 💕 Vi o seu perfil e achei os seus trabalhos de cílios simplesmente perfeitos! 😍✨ Você mesma quem cuida do agendamento por aqui?","Que ótimo Déborah! 😍 É que eu ajudo Lash Designers a valorizarem o trabalho e economizarem tempo no WhatsApp. Em vez de ficar mandando foto por foto de tabela solta ou explicando técnica por técnica, criamos o LashMenu: um catálogo digital interativo e lindo pro link do Insta e Whats! 🌸✨ Posso te mandar 15 segundinhos de um vídeo curto pra você ver como fica na prática? 💕","Prontinho Déborah! 🌸✨ Montei o catálogo exclusivo do seu estúdio para você dar uma olhada:
👉 [LINK_DO_CATALOGO_PERSONALIZADO_DELA] 😍💖

O valor de criação completa do LashMenu é R$ 197 no cartão. Mas fechando hoje por aqui no Pix, temos a condição especial por apenas *R$ 167 à vista (pagamento único sem mensalidades!)*. 🚀💎

Quer que eu já te envie a chave Pix para liberarmos o seu link definitivo hoje mesmo? 💕","Sobrancelha Natural, Cílios, Design, Henna Cílios em - R. C-252, N° 1141 - QD 604, LT 11 - Nova Suiça, Goiânia - GO, 74280-160, Brasil",https://www.google.com/maps/search/?api=1&query=D%C3%A9borah%20Alvarenga%20Beauty%20-%20C%C3%ADlios%20Goi%C3%A2nia%20%2F%20Sobrancelha%20Natural%20%2F%20C%C3%ADlios&query_place_id=ChIJl9chJ-nxXpMRqLdSKfOsPEI,"Oii Déborah, tudo bem? 💕 Vi o seu perfil e achei os seus trabalhos de cílios simplesmente perfeitos! 😍✨ Você mesma quem cuida do agendamento por aqui?","Olá Déborah, como você está? 🌸 Tive uma dúvida rápida olhando o seu perfil e resolvi te mandar mensagem por aqui. Você é a própria Déborah que atende no estúdio? 👁️","Oii Déborah, tudo joia? 💖 Estava olhando os seus atendimentos de cílios e fiquei encantada com a qualidade! Me tira uma dúvida rápida sobre o estúdio? ✨","Que ótimo Déborah! 😍 É que eu ajudo Lash Designers a valorizarem o trabalho e economizarem tempo no WhatsApp. Em vez de ficar mandando foto por foto de tabela solta ou explicando técnica por técnica, criamos o LashMenu: um catálogo digital interativo e lindo pro link do Insta e Whats! 🌸✨ Posso te mandar 15 segundinhos de um vídeo curto pra você ver como fica na prática? 💕","Ah perfeita Déborah! 🥰 É que a gente desenvolveu o LashMenu, que transforma aquela tabela de preços tradicional num catálogo digital super interativo e elegante para o seu estúdio. Fica incrível no link da bio e facilita muito o atendimento no Whats! 💎✨ Gravei uma demonstração rápida de 15s. Posso te mandar aqui pra você dar uma olhada? 👁️💖","Maravilha Déborah! 💕 Vários estúdios sofrem perdendo tempo no Whats passando valores e tirando dúvidas de procedimentos soltos. Com o LashMenu, o seu estúdio ganha um catálogo digital interativo de alto padrão que agiliza seus agendamentos! 🚀🌸 Posso te enviar uma demonstração super rápida pra você ver como funciona? ✨","Prontinho Déborah! 🌸✨ Montei o catálogo exclusivo do seu estúdio para você dar uma olhada:
👉 [LINK_DO_CATALOGO_PERSONALIZADO_DELA] 😍💖

O valor de criação completa do LashMenu é R$ 197 no cartão. Mas fechando hoje por aqui no Pix, temos a condição especial por apenas *R$ 167 à vista (pagamento único sem mensalidades!)*. 🚀💎

Quer que eu já te envie a chave Pix para liberarmos o seu link definitivo hoje mesmo? 💕","Prontinho Déborah! 🥰 Olha como ficou elegante a apresentação dos seus procedimentos:
👉 [LINK_DO_CATALOGO_PERSONALIZADO_DELA] ✨🌸

Me conta o que achou! A taxa de configuração completa com suporte e hospedagem é R$ 197. Mas fechando via Pix hoje, liberamos por *R$ 167 à vista* (sem mensalidade nenhuma). 👑💎

Posso gerar a chave Pix para ativar o seu catálogo oficial agora? 🚀","Ficou pronto Déborah! 💖 Dá uma olhadinha em como o seu estúdio vai se destacar com o LashMenu:
👉 [LINK_DO_CATALOGO_PERSONALIZADO_DELA] 👁️✨

Consigo te garantir a condição exclusiva por Pix: de R$ 197 por apenas *R$ 167 à vista* (taxa única, seu catálogo fica ativo sem cobranças mensais!). 🎉🌸

Quer que eu te passe a chave Pix para finalizarmos? 💕"
16,80,Yara Ferreira Lash Designer - Extensão de Cílios,Goiânia,5.0,23,+55 62 98314-2423,https://wa.me/5562983142423,@ylashdesign,https://instagram.com/ylashdesign?igshid=NzZlODBkYWE4Ng%3D%3D&utm_source=qr,"Oii Yara, tudo bem? 💕 Vi o seu perfil e achei os seus trabalhos de cílios simplesmente perfeitos! 😍✨ Você mesma quem cuida do agendamento por aqui?","Que ótimo Yara! 😍 É que eu ajudo Lash Designers a valorizarem o trabalho e economizarem tempo no WhatsApp. Em vez de ficar mandando foto por foto de tabela solta ou explicando técnica por técnica, criamos o LashMenu: um catálogo digital interativo e lindo pro link do Insta e Whats! 🌸✨ Posso te mandar 15 segundinhos de um vídeo curto pra você ver como fica na prática? 💕","Prontinho Yara! 🌸✨ Montei o catálogo exclusivo do seu estúdio para você dar uma olhada:
👉 [LINK_DO_CATALOGO_PERSONALIZADO_DELA] 😍💖

O valor de criação completa do LashMenu é R$ 197 no cartão. Mas fechando hoje por aqui no Pix, temos a condição especial por apenas *R$ 167 à vista (pagamento único sem mensalidades!)*. 🚀💎

Quer que eu já te envie a chave Pix para liberarmos o seu link definitivo hoje mesmo? 💕","R. Poe. Joaquim Bonifácio - Goiânia, GO, 74770-410, Brasil",https://www.google.com/maps/search/?api=1&query=Yara%20Ferreira%20Lash%20Designer%20-%20Extens%C3%A3o%20de%20C%C3%ADlios&query_place_id=ChIJyxTL8p7vXpMR1pVLBLcrUEg,"Oii Yara, tudo bem? 💕 Vi o seu perfil e achei os seus trabalhos de cílios simplesmente perfeitos! 😍✨ Você mesma quem cuida do agendamento por aqui?","Olá Yara, como você está? 🌸 Tive uma dúvida rápida olhando o seu perfil e resolvi te mandar mensagem por aqui. Você é a própria Yara que atende no estúdio? 👁️","Oii Yara, tudo joia? 💖 Estava olhando os seus atendimentos de cílios e fiquei encantada com a qualidade! Me tira uma dúvida rápida sobre o estúdio? ✨","Que ótimo Yara! 😍 É que eu ajudo Lash Designers a valorizarem o trabalho e economizarem tempo no WhatsApp. Em vez de ficar mandando foto por foto de tabela solta ou explicando técnica por técnica, criamos o LashMenu: um catálogo digital interativo e lindo pro link do Insta e Whats! 🌸✨ Posso te mandar 15 segundinhos de um vídeo curto pra você ver como fica na prática? 💕","Ah perfeita Yara! 🥰 É que a gente desenvolveu o LashMenu, que transforma aquela tabela de preços tradicional num catálogo digital super interativo e elegante para o seu estúdio. Fica incrível no link da bio e facilita muito o atendimento no Whats! 💎✨ Gravei uma demonstração rápida de 15s. Posso te mandar aqui pra você dar uma olhada? 👁️💖","Maravilha Yara! 💕 Vários estúdios sofrem perdendo tempo no Whats passando valores e tirando dúvidas de procedimentos soltos. Com o LashMenu, o seu estúdio ganha um catálogo digital interativo de alto padrão que agiliza seus agendamentos! 🚀🌸 Posso te enviar uma demonstração super rápida pra você ver como funciona? ✨","Prontinho Yara! 🌸✨ Montei o catálogo exclusivo do seu estúdio para você dar uma olhada:
👉 [LINK_DO_CATALOGO_PERSONALIZADO_DELA] 😍💖

O valor de criação completa do LashMenu é R$ 197 no cartão. Mas fechando hoje por aqui no Pix, temos a condição especial por apenas *R$ 167 à vista (pagamento único sem mensalidades!)*. 🚀💎

Quer que eu já te envie a chave Pix para liberarmos o seu link definitivo hoje mesmo? 💕","Prontinho Yara! 🥰 Olha como ficou elegante a apresentação dos seus procedimentos:
👉 [LINK_DO_CATALOGO_PERSONALIZADO_DELA] ✨🌸

Me conta o que achou! A taxa de configuração completa com suporte e hospedagem é R$ 197. Mas fechando via Pix hoje, liberamos por *R$ 167 à vista* (sem mensalidade nenhuma). 👑💎

Posso gerar a chave Pix para ativar o seu catálogo oficial agora? 🚀","Ficou pronto Yara! 💖 Dá uma olhadinha em como o seu estúdio vai se destacar com o LashMenu:
👉 [LINK_DO_CATALOGO_PERSONALIZADO_DELA] 👁️✨

Consigo te garantir a condição exclusiva por Pix: de R$ 197 por apenas *R$ 167 à vista* (taxa única, seu catálogo fica ativo sem cobranças mensais!). 🎉🌸

Quer que eu te passe a chave Pix para finalizarmos? 💕"
17,80,Studio Kathellem lima - Lash Designer (Extensão de cílios)- Designer de sobrancelha - maquiagem-Depilação,Setor Leste Universitário,5.0,22,+55 62 98629-9681,https://wa.me/5562986299681,,https://linktr.ee/Arthdpn?utm_source=linktree_profile_share&ltsid=3a1ec49b-91d4-48a4-a5ba-e39405d37af9,"Oii Kathellem, tudo bem? 💕 Vi o seu perfil e achei os seus trabalhos de cílios simplesmente perfeitos! 😍✨ Você mesma quem cuida do agendamento por aqui?","Que ótimo Kathellem! 😍 É que eu ajudo Lash Designers a valorizarem o trabalho e economizarem tempo no WhatsApp. Em vez de ficar mandando foto por foto de tabela solta ou explicando técnica por técnica, criamos o LashMenu: um catálogo digital interativo e lindo pro link do Insta e Whats! 🌸✨ Posso te mandar 15 segundinhos de um vídeo curto pra você ver como fica na prática? 💕","Prontinho Kathellem! 🌸✨ Montei o catálogo exclusivo do seu estúdio para você dar uma olhada:
👉 [LINK_DO_CATALOGO_PERSONALIZADO_DELA] 😍💖

O valor de criação completa do LashMenu é R$ 197 no cartão. Mas fechando hoje por aqui no Pix, temos a condição especial por apenas *R$ 167 à vista (pagamento único sem mensalidades!)*. 🚀💎

Quer que eu já te envie a chave Pix para liberarmos o seu link definitivo hoje mesmo? 💕","R. 233, 1483 - Qd 78 Lt 12 - Setor Leste Universitário, Goiânia - GO, 74605-120, Brasil",https://www.google.com/maps/search/?api=1&query=Studio%20Kathellem%20lima%20-%20Lash%20Designer%20(Extens%C3%A3o%20de%20c%C3%ADlios)-%20Designer%20de%20sobrancelha%20-%20maquiagem-Depila%C3%A7%C3%A3o&query_place_id=ChIJlQQGMQzxXpMRzMyTFfdm_pU,"Oii Kathellem, tudo bem? 💕 Vi o seu perfil e achei os seus trabalhos de cílios simplesmente perfeitos! 😍✨ Você mesma quem cuida do agendamento por aqui?","Olá Kathellem, como você está? 🌸 Tive uma dúvida rápida olhando o seu perfil e resolvi te mandar mensagem por aqui. Você é a própria Kathellem que atende no estúdio? 👁️","Oii Kathellem, tudo joia? 💖 Estava olhando os seus atendimentos de cílios e fiquei encantada com a qualidade! Me tira uma dúvida rápida sobre o estúdio? ✨","Que ótimo Kathellem! 😍 É que eu ajudo Lash Designers a valorizarem o trabalho e economizarem tempo no WhatsApp. Em vez de ficar mandando foto por foto de tabela solta ou explicando técnica por técnica, criamos o LashMenu: um catálogo digital interativo e lindo pro link do Insta e Whats! 🌸✨ Posso te mandar 15 segundinhos de um vídeo curto pra você ver como fica na prática? 💕","Ah perfeita Kathellem! 🥰 É que a gente desenvolveu o LashMenu, que transforma aquela tabela de preços tradicional num catálogo digital super interativo e elegante para o seu estúdio. Fica incrível no link da bio e facilita muito o atendimento no Whats! 💎✨ Gravei uma demonstração rápida de 15s. Posso te mandar aqui pra você dar uma olhada? 👁️💖","Maravilha Kathellem! 💕 Vários estúdios sofrem perdendo tempo no Whats passando valores e tirando dúvidas de procedimentos soltos. Com o LashMenu, o seu estúdio ganha um catálogo digital interativo de alto padrão que agiliza seus agendamentos! 🚀🌸 Posso te enviar uma demonstração super rápida pra você ver como funciona? ✨","Prontinho Kathellem! 🌸✨ Montei o catálogo exclusivo do seu estúdio para você dar uma olhada:
👉 [LINK_DO_CATALOGO_PERSONALIZADO_DELA] 😍💖

O valor de criação completa do LashMenu é R$ 197 no cartão. Mas fechando hoje por aqui no Pix, temos a condição especial por apenas *R$ 167 à vista (pagamento único sem mensalidades!)*. 🚀💎

Quer que eu já te envie a chave Pix para liberarmos o seu link definitivo hoje mesmo? 💕","Prontinho Kathellem! 🥰 Olha como ficou elegante a apresentação dos seus procedimentos:
👉 [LINK_DO_CATALOGO_PERSONALIZADO_DELA] ✨🌸

Me conta o que achou! A taxa de configuração completa com suporte e hospedagem é R$ 197. Mas fechando via Pix hoje, liberamos por *R$ 167 à vista* (sem mensalidade nenhuma). 👑💎

Posso gerar a chave Pix para ativar o seu catálogo oficial agora? 🚀","Ficou pronto Kathellem! 💖 Dá uma olhadinha em como o seu estúdio vai se destacar com o LashMenu:
👉 [LINK_DO_CATALOGO_PERSONALIZADO_DELA] 👁️✨

Consigo te garantir a condição exclusiva por Pix: de R$ 197 por apenas *R$ 167 à vista* (taxa única, seu catálogo fica ativo sem cobranças mensais!). 🎉🌸

Quer que eu te passe a chave Pix para finalizarmos? 💕"
18,75,Studio Lollys Cilios,Nova Suiça,4.5,41,+55 62 99669-6659,https://wa.me/5562996696659,,https://www.lollyscilios.com/,"Oii Lollys, tudo bem? 💕 Vi o seu perfil e achei os seus trabalhos de cílios simplesmente perfeitos! 😍✨ Você mesma quem cuida do agendamento por aqui?","Que ótimo Lollys! 😍 É que eu ajudo Lash Designers a valorizarem o trabalho e economizarem tempo no WhatsApp. Em vez de ficar mandando foto por foto de tabela solta ou explicando técnica por técnica, criamos o LashMenu: um catálogo digital interativo e lindo pro link do Insta e Whats! 🌸✨ Posso te mandar 15 segundinhos de um vídeo curto pra você ver como fica na prática? 💕","Prontinho Lollys! 🌸✨ Montei o catálogo exclusivo do seu estúdio para você dar uma olhada:
👉 [LINK_DO_CATALOGO_PERSONALIZADO_DELA] 😍💖

O valor de criação completa do LashMenu é R$ 197 no cartão. Mas fechando hoje por aqui no Pix, temos a condição especial por apenas *R$ 167 à vista (pagamento único sem mensalidades!)*. 🚀💎

Quer que eu já te envie a chave Pix para liberarmos o seu link definitivo hoje mesmo? 💕","Av. C-255, 271 - Nova Suiça, Goiânia - GO, 74280-010, Brasil",https://www.google.com/maps/search/?api=1&query=Studio%20Lollys%20Cilios&query_place_id=ChIJGye0ibH2XpMRF8fxewDzYv4,"Oii Lollys, tudo bem? 💕 Vi o seu perfil e achei os seus trabalhos de cílios simplesmente perfeitos! 😍✨ Você mesma quem cuida do agendamento por aqui?","Olá Lollys, como você está? 🌸 Tive uma dúvida rápida olhando o seu perfil e resolvi te mandar mensagem por aqui. Você é a própria Lollys que atende no estúdio? 👁️","Oii Lollys, tudo joia? 💖 Estava olhando os seus atendimentos de cílios e fiquei encantada com a qualidade! Me tira uma dúvida rápida sobre o estúdio? ✨","Que ótimo Lollys! 😍 É que eu ajudo Lash Designers a valorizarem o trabalho e economizarem tempo no WhatsApp. Em vez de ficar mandando foto por foto de tabela solta ou explicando técnica por técnica, criamos o LashMenu: um catálogo digital interativo e lindo pro link do Insta e Whats! 🌸✨ Posso te mandar 15 segundinhos de um vídeo curto pra você ver como fica na prática? 💕","Ah perfeita Lollys! 🥰 É que a gente desenvolveu o LashMenu, que transforma aquela tabela de preços tradicional num catálogo digital super interativo e elegante para o seu estúdio. Fica incrível no link da bio e facilita muito o atendimento no Whats! 💎✨ Gravei uma demonstração rápida de 15s. Posso te mandar aqui pra você dar uma olhada? 👁️💖","Maravilha Lollys! 💕 Vários estúdios sofrem perdendo tempo no Whats passando valores e tirando dúvidas de procedimentos soltos. Com o LashMenu, o seu estúdio ganha um catálogo digital interativo de alto padrão que agiliza seus agendamentos! 🚀🌸 Posso te enviar uma demonstração super rápida pra você ver como funciona? ✨","Prontinho Lollys! 🌸✨ Montei o catálogo exclusivo do seu estúdio para você dar uma olhada:
👉 [LINK_DO_CATALOGO_PERSONALIZADO_DELA] 😍💖

O valor de criação completa do LashMenu é R$ 197 no cartão. Mas fechando hoje por aqui no Pix, temos a condição especial por apenas *R$ 167 à vista (pagamento único sem mensalidades!)*. 🚀💎

Quer que eu já te envie a chave Pix para liberarmos o seu link definitivo hoje mesmo? 💕","Prontinho Lollys! 🥰 Olha como ficou elegante a apresentação dos seus procedimentos:
👉 [LINK_DO_CATALOGO_PERSONALIZADO_DELA] ✨🌸

Me conta o que achou! A taxa de configuração completa com suporte e hospedagem é R$ 197. Mas fechando via Pix hoje, liberamos por *R$ 167 à vista* (sem mensalidade nenhuma). 👑💎

Posso gerar a chave Pix para ativar o seu catálogo oficial agora? 🚀","Ficou pronto Lollys! 💖 Dá uma olhadinha em como o seu estúdio vai se destacar com o LashMenu:
👉 [LINK_DO_CATALOGO_PERSONALIZADO_DELA] 👁️✨

Consigo te garantir a condição exclusiva por Pix: de R$ 197 por apenas *R$ 167 à vista* (taxa única, seu catálogo fica ativo sem cobranças mensais!). 🎉🌸

Quer que eu te passe a chave Pix para finalizarmos? 💕"
19,75,EXTENSÃO DE CÍLIOS GOIÂNIA- ARIANA,Leste Vila Nova,5.0,32,+55 62 99307-4555,https://wa.me/5562993074555,,,"Oii Ariana, tudo bem? 💕 Vi o seu perfil e achei os seus trabalhos de cílios simplesmente perfeitos! 😍✨ Você mesma quem cuida do agendamento por aqui?","Que ótimo Ariana! 😍 É que eu ajudo Lash Designers a valorizarem o trabalho e economizarem tempo no WhatsApp. Em vez de ficar mandando foto por foto de tabela solta ou explicando técnica por técnica, criamos o LashMenu: um catálogo digital interativo e lindo pro link do Insta e Whats! 🌸✨ Posso te mandar 15 segundinhos de um vídeo curto pra você ver como fica na prática? 💕","Prontinho Ariana! 🌸✨ Montei o catálogo exclusivo do seu estúdio para você dar uma olhada:
👉 [LINK_DO_CATALOGO_PERSONALIZADO_DELA] 😍💖

O valor de criação completa do LashMenu é R$ 197 no cartão. Mas fechando hoje por aqui no Pix, temos a condição especial por apenas *R$ 167 à vista (pagamento único sem mensalidades!)*. 🚀💎

Quer que eu já te envie a chave Pix para liberarmos o seu link definitivo hoje mesmo? 💕","R. 209-A, 1405 - Leste Vila Nova, Goiânia - GO, 74645-210, Brasil",https://www.google.com/maps/search/?api=1&query=EXTENS%C3%83O%20DE%20C%C3%8DLIOS%20GOI%C3%82NIA-%20ARIANA&query_place_id=ChIJOU-jj6jzXpMROoQLtO7YqUw,"Oii Ariana, tudo bem? 💕 Vi o seu perfil e achei os seus trabalhos de cílios simplesmente perfeitos! 😍✨ Você mesma quem cuida do agendamento por aqui?","Olá Ariana, como você está? 🌸 Tive uma dúvida rápida olhando o seu perfil e resolvi te mandar mensagem por aqui. Você é a própria Ariana que atende no estúdio? 👁️","Oii Ariana, tudo joia? 💖 Estava olhando os seus atendimentos de cílios e fiquei encantada com a qualidade! Me tira uma dúvida rápida sobre o estúdio? ✨","Que ótimo Ariana! 😍 É que eu ajudo Lash Designers a valorizarem o trabalho e economizarem tempo no WhatsApp. Em vez de ficar mandando foto por foto de tabela solta ou explicando técnica por técnica, criamos o LashMenu: um catálogo digital interativo e lindo pro link do Insta e Whats! 🌸✨ Posso te mandar 15 segundinhos de um vídeo curto pra você ver como fica na prática? 💕","Ah perfeita Ariana! 🥰 É que a gente desenvolveu o LashMenu, que transforma aquela tabela de preços tradicional num catálogo digital super interativo e elegante para o seu estúdio. Fica incrível no link da bio e facilita muito o atendimento no Whats! 💎✨ Gravei uma demonstração rápida de 15s. Posso te mandar aqui pra você dar uma olhada? 👁️💖","Maravilha Ariana! 💕 Vários estúdios sofrem perdendo tempo no Whats passando valores e tirando dúvidas de procedimentos soltos. Com o LashMenu, o seu estúdio ganha um catálogo digital interativo de alto padrão que agiliza seus agendamentos! 🚀🌸 Posso te enviar uma demonstração super rápida pra você ver como funciona? ✨","Prontinho Ariana! 🌸✨ Montei o catálogo exclusivo do seu estúdio para você dar uma olhada:
👉 [LINK_DO_CATALOGO_PERSONALIZADO_DELA] 😍💖

O valor de criação completa do LashMenu é R$ 197 no cartão. Mas fechando hoje por aqui no Pix, temos a condição especial por apenas *R$ 167 à vista (pagamento único sem mensalidades!)*. 🚀💎

Quer que eu já te envie a chave Pix para liberarmos o seu link definitivo hoje mesmo? 💕","Prontinho Ariana! 🥰 Olha como ficou elegante a apresentação dos seus procedimentos:
👉 [LINK_DO_CATALOGO_PERSONALIZADO_DELA] ✨🌸

Me conta o que achou! A taxa de configuração completa com suporte e hospedagem é R$ 197. Mas fechando via Pix hoje, liberamos por *R$ 167 à vista* (sem mensalidade nenhuma). 👑💎

Posso gerar a chave Pix para ativar o seu catálogo oficial agora? 🚀","Ficou pronto Ariana! 💖 Dá uma olhadinha em como o seu estúdio vai se destacar com o LashMenu:
👉 [LINK_DO_CATALOGO_PERSONALIZADO_DELA] 👁️✨

Consigo te garantir a condição exclusiva por Pix: de R$ 197 por apenas *R$ 167 à vista* (taxa única, seu catálogo fica ativo sem cobranças mensais!). 🎉🌸

Quer que eu te passe a chave Pix para finalizarmos? 💕"
20,70,Sobrancelhas Design,Setor Sul,4.6,245,+55 62 97400-1431,https://wa.me/5562974001431,,,"Oii, tudo bem?, tudo bem? 💕 Vi o seu perfil e achei os seus trabalhos de cílios simplesmente perfeitos! 😍✨ Você mesma quem cuida do agendamento por aqui?","Que ótimo! 😍 É que eu ajudo Lash Designers a valorizarem o trabalho e economizarem tempo no WhatsApp. Em vez de ficar mandando foto por foto de tabela solta ou explicando técnica por técnica, criamos o LashMenu: um catálogo digital interativo e lindo pro link do Insta e Whats! 🌸✨ Posso te mandar 15 segundinhos de um vídeo curto pra você ver como fica na prática? 💕","Prontinho! 🌸✨ Montei o catálogo exclusivo do seu estúdio para você dar uma olhada:
👉 [LINK_DO_CATALOGO_PERSONALIZADO_DELA] 😍💖

O valor de criação completa do LashMenu é R$ 197 no cartão. Mas fechando hoje por aqui no Pix, temos a condição especial por apenas *R$ 167 à vista (pagamento único sem mensalidades!)*. 🚀💎

Quer que eu já te envie a chave Pix para liberarmos o seu link definitivo hoje mesmo? 💕","Qd F37 28, R. 88-D, 286 - St. Sul, Goiânia - GO, 74085-115, Brasil",https://www.google.com/maps/search/?api=1&query=Sobrancelhas%20Design&query_place_id=ChIJv6BTMnPxXpMRSTgLft6uVY4,"Oii, tudo bem?, tudo bem? 💕 Vi o seu perfil e achei os seus trabalhos de cílios simplesmente perfeitos! 😍✨ Você mesma quem cuida do agendamento por aqui?","Olá, tudo bem?, como você está? 🌸 Tive uma dúvida rápida olhando o seu perfil e resolvi te mandar mensagem por aqui. Você é a própria você que atende no estúdio? 👁️","Oii, tudo bem?, tudo joia? 💖 Estava olhando os seus atendimentos de cílios e fiquei encantada com a qualidade! Me tira uma dúvida rápida sobre o estúdio? ✨","Que ótimo! 😍 É que eu ajudo Lash Designers a valorizarem o trabalho e economizarem tempo no WhatsApp. Em vez de ficar mandando foto por foto de tabela solta ou explicando técnica por técnica, criamos o LashMenu: um catálogo digital interativo e lindo pro link do Insta e Whats! 🌸✨ Posso te mandar 15 segundinhos de um vídeo curto pra você ver como fica na prática? 💕","Ah perfeita! 🥰 É que a gente desenvolveu o LashMenu, que transforma aquela tabela de preços tradicional num catálogo digital super interativo e elegante para o seu estúdio. Fica incrível no link da bio e facilita muito o atendimento no Whats! 💎✨ Gravei uma demonstração rápida de 15s. Posso te mandar aqui pra você dar uma olhada? 👁️💖","Maravilha! 💕 Vários estúdios sofrem perdendo tempo no Whats passando valores e tirando dúvidas de procedimentos soltos. Com o LashMenu, o seu estúdio ganha um catálogo digital interativo de alto padrão que agiliza seus agendamentos! 🚀🌸 Posso te enviar uma demonstração super rápida pra você ver como funciona? ✨","Prontinho! 🌸✨ Montei o catálogo exclusivo do seu estúdio para você dar uma olhada:
👉 [LINK_DO_CATALOGO_PERSONALIZADO_DELA] 😍💖

O valor de criação completa do LashMenu é R$ 197 no cartão. Mas fechando hoje por aqui no Pix, temos a condição especial por apenas *R$ 167 à vista (pagamento único sem mensalidades!)*. 🚀💎

Quer que eu já te envie a chave Pix para liberarmos o seu link definitivo hoje mesmo? 💕","Prontinho! 🥰 Olha como ficou elegante a apresentação dos seus procedimentos:
👉 [LINK_DO_CATALOGO_PERSONALIZADO_DELA] ✨🌸

Me conta o que achou! A taxa de configuração completa com suporte e hospedagem é R$ 197. Mas fechando via Pix hoje, liberamos por *R$ 167 à vista* (sem mensalidade nenhuma). 👑💎

Posso gerar a chave Pix para ativar o seu catálogo oficial agora? 🚀","Ficou pronto! 💖 Dá uma olhadinha em como o seu estúdio vai se destacar com o LashMenu:
👉 [LINK_DO_CATALOGO_PERSONALIZADO_DELA] 👁️✨

Consigo te garantir a condição exclusiva por Pix: de R$ 197 por apenas *R$ 167 à vista* (taxa única, seu catálogo fica ativo sem cobranças mensais!). 🎉🌸

Quer que eu te passe a chave Pix para finalizarmos? 💕"
21,70,Elaíne Nascimento Lashdesigner - Extensão de cílios e Designer de Sobrancelha em Goiânia,Parque das Amendoeiras,5.0,19,+55 62 98261-4105,https://wa.me/5562982614105,@en_saladecilios,https://instagram.com/en_saladecilios?utm_medium=copy_link,"Oii Elaíne, tudo bem? 💕 Vi o seu perfil e achei os seus trabalhos de cílios simplesmente perfeitos! 😍✨ Você mesma quem cuida do agendamento por aqui?","Que ótimo Elaíne! 😍 É que eu ajudo Lash Designers a valorizarem o trabalho e economizarem tempo no WhatsApp. Em vez de ficar mandando foto por foto de tabela solta ou explicando técnica por técnica, criamos o LashMenu: um catálogo digital interativo e lindo pro link do Insta e Whats! 🌸✨ Posso te mandar 15 segundinhos de um vídeo curto pra você ver como fica na prática? 💕","Prontinho Elaíne! 🌸✨ Montei o catálogo exclusivo do seu estúdio para você dar uma olhada:
👉 [LINK_DO_CATALOGO_PERSONALIZADO_DELA] 😍💖

O valor de criação completa do LashMenu é R$ 197 no cartão. Mas fechando hoje por aqui no Pix, temos a condição especial por apenas *R$ 167 à vista (pagamento único sem mensalidades!)*. 🚀💎

Quer que eu já te envie a chave Pix para liberarmos o seu link definitivo hoje mesmo? 💕","Av. Francisco Ludovíco de Almeida, qd35 lote17 - Parque das Amendoeiras, Goiânia - GO, 74780-440, Brasil",https://www.google.com/maps/search/?api=1&query=Ela%C3%ADne%20Nascimento%20Lashdesigner%20-%20Extens%C3%A3o%20de%20c%C3%ADlios%20e%20Designer%20de%20Sobrancelha%20em%20Goi%C3%A2nia&query_place_id=ChIJB0t6XAztXpMRfyugbg31EHw,"Oii Elaíne, tudo bem? 💕 Vi o seu perfil e achei os seus trabalhos de cílios simplesmente perfeitos! 😍✨ Você mesma quem cuida do agendamento por aqui?","Olá Elaíne, como você está? 🌸 Tive uma dúvida rápida olhando o seu perfil e resolvi te mandar mensagem por aqui. Você é a própria Elaíne que atende no estúdio? 👁️","Oii Elaíne, tudo joia? 💖 Estava olhando os seus atendimentos de cílios e fiquei encantada com a qualidade! Me tira uma dúvida rápida sobre o estúdio? ✨","Que ótimo Elaíne! 😍 É que eu ajudo Lash Designers a valorizarem o trabalho e economizarem tempo no WhatsApp. Em vez de ficar mandando foto por foto de tabela solta ou explicando técnica por técnica, criamos o LashMenu: um catálogo digital interativo e lindo pro link do Insta e Whats! 🌸✨ Posso te mandar 15 segundinhos de um vídeo curto pra você ver como fica na prática? 💕","Ah perfeita Elaíne! 🥰 É que a gente desenvolveu o LashMenu, que transforma aquela tabela de preços tradicional num catálogo digital super interativo e elegante para o seu estúdio. Fica incrível no link da bio e facilita muito o atendimento no Whats! 💎✨ Gravei uma demonstração rápida de 15s. Posso te mandar aqui pra você dar uma olhada? 👁️💖","Maravilha Elaíne! 💕 Vários estúdios sofrem perdendo tempo no Whats passando valores e tirando dúvidas de procedimentos soltos. Com o LashMenu, o seu estúdio ganha um catálogo digital interativo de alto padrão que agiliza seus agendamentos! 🚀🌸 Posso te enviar uma demonstração super rápida pra você ver como funciona? ✨","Prontinho Elaíne! 🌸✨ Montei o catálogo exclusivo do seu estúdio para você dar uma olhada:
👉 [LINK_DO_CATALOGO_PERSONALIZADO_DELA] 😍💖

O valor de criação completa do LashMenu é R$ 197 no cartão. Mas fechando hoje por aqui no Pix, temos a condição especial por apenas *R$ 167 à vista (pagamento único sem mensalidades!)*. 🚀💎

Quer que eu já te envie a chave Pix para liberarmos o seu link definitivo hoje mesmo? 💕","Prontinho Elaíne! 🥰 Olha como ficou elegante a apresentação dos seus procedimentos:
👉 [LINK_DO_CATALOGO_PERSONALIZADO_DELA] ✨🌸

Me conta o que achou! A taxa de configuração completa com suporte e hospedagem é R$ 197. Mas fechando via Pix hoje, liberamos por *R$ 167 à vista* (sem mensalidade nenhuma). 👑💎

Posso gerar a chave Pix para ativar o seu catálogo oficial agora? 🚀","Ficou pronto Elaíne! 💖 Dá uma olhadinha em como o seu estúdio vai se destacar com o LashMenu:
👉 [LINK_DO_CATALOGO_PERSONALIZADO_DELA] 👁️✨

Consigo te garantir a condição exclusiva por Pix: de R$ 197 por apenas *R$ 167 à vista* (taxa única, seu catálogo fica ativo sem cobranças mensais!). 🎉🌸

Quer que eu te passe a chave Pix para finalizarmos? 💕"
22,70,Extensão de Cílios - Studio de Cílios Nayara,Bairro Santa Rita,5.0,16,+55 62 98157-6772,https://wa.me/5562981576772,,https://www.studionayara.com.br/,"Oii Nayara, tudo bem? 💕 Vi o seu perfil e achei os seus trabalhos de cílios simplesmente perfeitos! 😍✨ Você mesma quem cuida do agendamento por aqui?","Que ótimo Nayara! 😍 É que eu ajudo Lash Designers a valorizarem o trabalho e economizarem tempo no WhatsApp. Em vez de ficar mandando foto por foto de tabela solta ou explicando técnica por técnica, criamos o LashMenu: um catálogo digital interativo e lindo pro link do Insta e Whats! 🌸✨ Posso te mandar 15 segundinhos de um vídeo curto pra você ver como fica na prática? 💕","Prontinho Nayara! 🌸✨ Montei o catálogo exclusivo do seu estúdio para você dar uma olhada:
👉 [LINK_DO_CATALOGO_PERSONALIZADO_DELA] 😍💖

O valor de criação completa do LashMenu é R$ 197 no cartão. Mas fechando hoje por aqui no Pix, temos a condição especial por apenas *R$ 167 à vista (pagamento único sem mensalidades!)*. 🚀💎

Quer que eu já te envie a chave Pix para liberarmos o seu link definitivo hoje mesmo? 💕","R. João Luís, qd 07 - LT 07 - Bairro Santa Rita, Goiânia - GO, 74370-580, Brasil",https://www.google.com/maps/search/?api=1&query=Extens%C3%A3o%20de%20C%C3%ADlios%20-%20Studio%20de%20C%C3%ADlios%20Nayara&query_place_id=ChIJG8ux-Ov3XpMRWf58BW9LZ5c,"Oii Nayara, tudo bem? 💕 Vi o seu perfil e achei os seus trabalhos de cílios simplesmente perfeitos! 😍✨ Você mesma quem cuida do agendamento por aqui?","Olá Nayara, como você está? 🌸 Tive uma dúvida rápida olhando o seu perfil e resolvi te mandar mensagem por aqui. Você é a própria Nayara que atende no estúdio? 👁️","Oii Nayara, tudo joia? 💖 Estava olhando os seus atendimentos de cílios e fiquei encantada com a qualidade! Me tira uma dúvida rápida sobre o estúdio? ✨","Que ótimo Nayara! 😍 É que eu ajudo Lash Designers a valorizarem o trabalho e economizarem tempo no WhatsApp. Em vez de ficar mandando foto por foto de tabela solta ou explicando técnica por técnica, criamos o LashMenu: um catálogo digital interativo e lindo pro link do Insta e Whats! 🌸✨ Posso te mandar 15 segundinhos de um vídeo curto pra você ver como fica na prática? 💕","Ah perfeita Nayara! 🥰 É que a gente desenvolveu o LashMenu, que transforma aquela tabela de preços tradicional num catálogo digital super interativo e elegante para o seu estúdio. Fica incrível no link da bio e facilita muito o atendimento no Whats! 💎✨ Gravei uma demonstração rápida de 15s. Posso te mandar aqui pra você dar uma olhada? 👁️💖","Maravilha Nayara! 💕 Vários estúdios sofrem perdendo tempo no Whats passando valores e tirando dúvidas de procedimentos soltos. Com o LashMenu, o seu estúdio ganha um catálogo digital interativo de alto padrão que agiliza seus agendamentos! 🚀🌸 Posso te enviar uma demonstração super rápida pra você ver como funciona? ✨","Prontinho Nayara! 🌸✨ Montei o catálogo exclusivo do seu estúdio para você dar uma olhada:
👉 [LINK_DO_CATALOGO_PERSONALIZADO_DELA] 😍💖

O valor de criação completa do LashMenu é R$ 197 no cartão. Mas fechando hoje por aqui no Pix, temos a condição especial por apenas *R$ 167 à vista (pagamento único sem mensalidades!)*. 🚀💎

Quer que eu já te envie a chave Pix para liberarmos o seu link definitivo hoje mesmo? 💕","Prontinho Nayara! 🥰 Olha como ficou elegante a apresentação dos seus procedimentos:
👉 [LINK_DO_CATALOGO_PERSONALIZADO_DELA] ✨🌸

Me conta o que achou! A taxa de configuração completa com suporte e hospedagem é R$ 197. Mas fechando via Pix hoje, liberamos por *R$ 167 à vista* (sem mensalidade nenhuma). 👑💎

Posso gerar a chave Pix para ativar o seu catálogo oficial agora? 🚀","Ficou pronto Nayara! 💖 Dá uma olhadinha em como o seu estúdio vai se destacar com o LashMenu:
👉 [LINK_DO_CATALOGO_PERSONALIZADO_DELA] 👁️✨

Consigo te garantir a condição exclusiva por Pix: de R$ 197 por apenas *R$ 167 à vista* (taxa única, seu catálogo fica ativo sem cobranças mensais!). 🎉🌸

Quer que eu te passe a chave Pix para finalizarmos? 💕"
23,70,Joana Paiva studio,Residencial Paulo estrela,5.0,16,+55 62 98511-9914,https://wa.me/5562985119914,@joanapaivastudio,https://instagram.com/joanapaivastudio?igshid=OGQ5ZDc2ODk2ZA==&utm_source=qr,"Oii Joana, tudo bem? 💕 Vi o seu perfil e achei os seus trabalhos de cílios simplesmente perfeitos! 😍✨ Você mesma quem cuida do agendamento por aqui?","Que ótimo Joana! 😍 É que eu ajudo Lash Designers a valorizarem o trabalho e economizarem tempo no WhatsApp. Em vez de ficar mandando foto por foto de tabela solta ou explicando técnica por técnica, criamos o LashMenu: um catálogo digital interativo e lindo pro link do Insta e Whats! 🌸✨ Posso te mandar 15 segundinhos de um vídeo curto pra você ver como fica na prática? 💕","Prontinho Joana! 🌸✨ Montei o catálogo exclusivo do seu estúdio para você dar uma olhada:
👉 [LINK_DO_CATALOGO_PERSONALIZADO_DELA] 😍💖

O valor de criação completa do LashMenu é R$ 197 no cartão. Mas fechando hoje por aqui no Pix, temos a condição especial por apenas *R$ 167 à vista (pagamento único sem mensalidades!)*. 🚀💎

Quer que eu já te envie a chave Pix para liberarmos o seu link definitivo hoje mesmo? 💕","R. 9, qd 09 lt 02 casa 1 - Residencial Paulo estrela, Goiânia - GO, 74786-444, Brasil",https://www.google.com/maps/search/?api=1&query=Joana%20Paiva%20studio&query_place_id=ChIJJ3J5bgntXpMRud_xJ4tempE,"Oii Joana, tudo bem? 💕 Vi o seu perfil e achei os seus trabalhos de cílios simplesmente perfeitos! 😍✨ Você mesma quem cuida do agendamento por aqui?","Olá Joana, como você está? 🌸 Tive uma dúvida rápida olhando o seu perfil e resolvi te mandar mensagem por aqui. Você é a própria Joana que atende no estúdio? 👁️","Oii Joana, tudo joia? 💖 Estava olhando os seus atendimentos de cílios e fiquei encantada com a qualidade! Me tira uma dúvida rápida sobre o estúdio? ✨","Que ótimo Joana! 😍 É que eu ajudo Lash Designers a valorizarem o trabalho e economizarem tempo no WhatsApp. Em vez de ficar mandando foto por foto de tabela solta ou explicando técnica por técnica, criamos o LashMenu: um catálogo digital interativo e lindo pro link do Insta e Whats! 🌸✨ Posso te mandar 15 segundinhos de um vídeo curto pra você ver como fica na prática? 💕","Ah perfeita Joana! 🥰 É que a gente desenvolveu o LashMenu, que transforma aquela tabela de preços tradicional num catálogo digital super interativo e elegante para o seu estúdio. Fica incrível no link da bio e facilita muito o atendimento no Whats! 💎✨ Gravei uma demonstração rápida de 15s. Posso te mandar aqui pra você dar uma olhada? 👁️💖","Maravilha Joana! 💕 Vários estúdios sofrem perdendo tempo no Whats passando valores e tirando dúvidas de procedimentos soltos. Com o LashMenu, o seu estúdio ganha um catálogo digital interativo de alto padrão que agiliza seus agendamentos! 🚀🌸 Posso te enviar uma demonstração super rápida pra você ver como funciona? ✨","Prontinho Joana! 🌸✨ Montei o catálogo exclusivo do seu estúdio para você dar uma olhada:
👉 [LINK_DO_CATALOGO_PERSONALIZADO_DELA] 😍💖

O valor de criação completa do LashMenu é R$ 197 no cartão. Mas fechando hoje por aqui no Pix, temos a condição especial por apenas *R$ 167 à vista (pagamento único sem mensalidades!)*. 🚀💎

Quer que eu já te envie a chave Pix para liberarmos o seu link definitivo hoje mesmo? 💕","Prontinho Joana! 🥰 Olha como ficou elegante a apresentação dos seus procedimentos:
👉 [LINK_DO_CATALOGO_PERSONALIZADO_DELA] ✨🌸

Me conta o que achou! A taxa de configuração completa com suporte e hospedagem é R$ 197. Mas fechando via Pix hoje, liberamos por *R$ 167 à vista* (sem mensalidade nenhuma). 👑💎

Posso gerar a chave Pix para ativar o seu catálogo oficial agora? 🚀","Ficou pronto Joana! 💖 Dá uma olhadinha em como o seu estúdio vai se destacar com o LashMenu:
👉 [LINK_DO_CATALOGO_PERSONALIZADO_DELA] 👁️✨

Consigo te garantir a condição exclusiva por Pix: de R$ 197 por apenas *R$ 167 à vista* (taxa única, seu catálogo fica ativo sem cobranças mensais!). 🎉🌸

Quer que eu te passe a chave Pix para finalizarmos? 💕"
24,70,Cílios Showroom,Crimeia Leste,5.0,15,+55 62 99956-2065,https://wa.me/5562999562065,,https://www.ciliosshowroom.com.br/,"Oii, tudo bem?, tudo bem? 💕 Vi o seu perfil e achei os seus trabalhos de cílios simplesmente perfeitos! 😍✨ Você mesma quem cuida do agendamento por aqui?","Que ótimo! 😍 É que eu ajudo Lash Designers a valorizarem o trabalho e economizarem tempo no WhatsApp. Em vez de ficar mandando foto por foto de tabela solta ou explicando técnica por técnica, criamos o LashMenu: um catálogo digital interativo e lindo pro link do Insta e Whats! 🌸✨ Posso te mandar 15 segundinhos de um vídeo curto pra você ver como fica na prática? 💕","Prontinho! 🌸✨ Montei o catálogo exclusivo do seu estúdio para você dar uma olhada:
👉 [LINK_DO_CATALOGO_PERSONALIZADO_DELA] 😍💖

O valor de criação completa do LashMenu é R$ 197 no cartão. Mas fechando hoje por aqui no Pix, temos a condição especial por apenas *R$ 167 à vista (pagamento único sem mensalidades!)*. 🚀💎

Quer que eu já te envie a chave Pix para liberarmos o seu link definitivo hoje mesmo? 💕","R. Gen. Braz Arantes, 129 - qd09 lt11 - Crimeia Leste, Goiânia - GO, 74660-210, Brasil",https://www.google.com/maps/search/?api=1&query=C%C3%ADlios%20Showroom&query_place_id=ChIJu0BGTGvzXpMRocxq8JKc-Sw,"Oii, tudo bem?, tudo bem? 💕 Vi o seu perfil e achei os seus trabalhos de cílios simplesmente perfeitos! 😍✨ Você mesma quem cuida do agendamento por aqui?","Olá, tudo bem?, como você está? 🌸 Tive uma dúvida rápida olhando o seu perfil e resolvi te mandar mensagem por aqui. Você é a própria você que atende no estúdio? 👁️","Oii, tudo bem?, tudo joia? 💖 Estava olhando os seus atendimentos de cílios e fiquei encantada com a qualidade! Me tira uma dúvida rápida sobre o estúdio? ✨","Que ótimo! 😍 É que eu ajudo Lash Designers a valorizarem o trabalho e economizarem tempo no WhatsApp. Em vez de ficar mandando foto por foto de tabela solta ou explicando técnica por técnica, criamos o LashMenu: um catálogo digital interativo e lindo pro link do Insta e Whats! 🌸✨ Posso te mandar 15 segundinhos de um vídeo curto pra você ver como fica na prática? 💕","Ah perfeita! 🥰 É que a gente desenvolveu o LashMenu, que transforma aquela tabela de preços tradicional num catálogo digital super interativo e elegante para o seu estúdio. Fica incrível no link da bio e facilita muito o atendimento no Whats! 💎✨ Gravei uma demonstração rápida de 15s. Posso te mandar aqui pra você dar uma olhada? 👁️💖","Maravilha! 💕 Vários estúdios sofrem perdendo tempo no Whats passando valores e tirando dúvidas de procedimentos soltos. Com o LashMenu, o seu estúdio ganha um catálogo digital interativo de alto padrão que agiliza seus agendamentos! 🚀🌸 Posso te enviar uma demonstração super rápida pra você ver como funciona? ✨","Prontinho! 🌸✨ Montei o catálogo exclusivo do seu estúdio para você dar uma olhada:
👉 [LINK_DO_CATALOGO_PERSONALIZADO_DELA] 😍💖

O valor de criação completa do LashMenu é R$ 197 no cartão. Mas fechando hoje por aqui no Pix, temos a condição especial por apenas *R$ 167 à vista (pagamento único sem mensalidades!)*. 🚀💎

Quer que eu já te envie a chave Pix para liberarmos o seu link definitivo hoje mesmo? 💕","Prontinho! 🥰 Olha como ficou elegante a apresentação dos seus procedimentos:
👉 [LINK_DO_CATALOGO_PERSONALIZADO_DELA] ✨🌸

Me conta o que achou! A taxa de configuração completa com suporte e hospedagem é R$ 197. Mas fechando via Pix hoje, liberamos por *R$ 167 à vista* (sem mensalidade nenhuma). 👑💎

Posso gerar a chave Pix para ativar o seu catálogo oficial agora? 🚀","Ficou pronto! 💖 Dá uma olhadinha em como o seu estúdio vai se destacar com o LashMenu:
👉 [LINK_DO_CATALOGO_PERSONALIZADO_DELA] 👁️✨

Consigo te garantir a condição exclusiva por Pix: de R$ 197 por apenas *R$ 167 à vista* (taxa única, seu catálogo fica ativo sem cobranças mensais!). 🎉🌸

Quer que eu te passe a chave Pix para finalizarmos? 💕"
25,70,Studio Katyane Mendes,Parque Atheneu,5.0,11,+55 62 98507-2342,https://wa.me/5562985072342,,"https://api.whatsapp.com/send?phone=5562985072342&text=Oie,+tenho+interesse+em+agendar+um+hor%C3%A1rio.+%ED%A0%BD%ED%B2%93+%ED%A0%BD%ED%B2%93","Oii Katyane, tudo bem? 💕 Vi o seu perfil e achei os seus trabalhos de cílios simplesmente perfeitos! 😍✨ Você mesma quem cuida do agendamento por aqui?","Que ótimo Katyane! 😍 É que eu ajudo Lash Designers a valorizarem o trabalho e economizarem tempo no WhatsApp. Em vez de ficar mandando foto por foto de tabela solta ou explicando técnica por técnica, criamos o LashMenu: um catálogo digital interativo e lindo pro link do Insta e Whats! 🌸✨ Posso te mandar 15 segundinhos de um vídeo curto pra você ver como fica na prática? 💕","Prontinho Katyane! 🌸✨ Montei o catálogo exclusivo do seu estúdio para você dar uma olhada:
👉 [LINK_DO_CATALOGO_PERSONALIZADO_DELA] 😍💖

O valor de criação completa do LashMenu é R$ 197 no cartão. Mas fechando hoje por aqui no Pix, temos a condição especial por apenas *R$ 167 à vista (pagamento único sem mensalidades!)*. 🚀💎

Quer que eu já te envie a chave Pix para liberarmos o seu link definitivo hoje mesmo? 💕","Rua 2031, R. 1 Unidade 203 - Parque Atheneu, Goiânia - GO, 74890-700, Brasil",https://www.google.com/maps/search/?api=1&query=Studio%20Katyane%20Mendes&query_place_id=ChIJDWwGdzblXpMRd3FPc_MqTIE,"Oii Katyane, tudo bem? 💕 Vi o seu perfil e achei os seus trabalhos de cílios simplesmente perfeitos! 😍✨ Você mesma quem cuida do agendamento por aqui?","Olá Katyane, como você está? 🌸 Tive uma dúvida rápida olhando o seu perfil e resolvi te mandar mensagem por aqui. Você é a própria Katyane que atende no estúdio? 👁️","Oii Katyane, tudo joia? 💖 Estava olhando os seus atendimentos de cílios e fiquei encantada com a qualidade! Me tira uma dúvida rápida sobre o estúdio? ✨","Que ótimo Katyane! 😍 É que eu ajudo Lash Designers a valorizarem o trabalho e economizarem tempo no WhatsApp. Em vez de ficar mandando foto por foto de tabela solta ou explicando técnica por técnica, criamos o LashMenu: um catálogo digital interativo e lindo pro link do Insta e Whats! 🌸✨ Posso te mandar 15 segundinhos de um vídeo curto pra você ver como fica na prática? 💕","Ah perfeita Katyane! 🥰 É que a gente desenvolveu o LashMenu, que transforma aquela tabela de preços tradicional num catálogo digital super interativo e elegante para o seu estúdio. Fica incrível no link da bio e facilita muito o atendimento no Whats! 💎✨ Gravei uma demonstração rápida de 15s. Posso te mandar aqui pra você dar uma olhada? 👁️💖","Maravilha Katyane! 💕 Vários estúdios sofrem perdendo tempo no Whats passando valores e tirando dúvidas de procedimentos soltos. Com o LashMenu, o seu estúdio ganha um catálogo digital interativo de alto padrão que agiliza seus agendamentos! 🚀🌸 Posso te enviar uma demonstração super rápida pra você ver como funciona? ✨","Prontinho Katyane! 🌸✨ Montei o catálogo exclusivo do seu estúdio para você dar uma olhada:
👉 [LINK_DO_CATALOGO_PERSONALIZADO_DELA] 😍💖

O valor de criação completa do LashMenu é R$ 197 no cartão. Mas fechando hoje por aqui no Pix, temos a condição especial por apenas *R$ 167 à vista (pagamento único sem mensalidades!)*. 🚀💎

Quer que eu já te envie a chave Pix para liberarmos o seu link definitivo hoje mesmo? 💕","Prontinho Katyane! 🥰 Olha como ficou elegante a apresentação dos seus procedimentos:
👉 [LINK_DO_CATALOGO_PERSONALIZADO_DELA] ✨🌸

Me conta o que achou! A taxa de configuração completa com suporte e hospedagem é R$ 197. Mas fechando via Pix hoje, liberamos por *R$ 167 à vista* (sem mensalidade nenhuma). 👑💎

Posso gerar a chave Pix para ativar o seu catálogo oficial agora? 🚀","Ficou pronto Katyane! 💖 Dá uma olhadinha em como o seu estúdio vai se destacar com o LashMenu:
👉 [LINK_DO_CATALOGO_PERSONALIZADO_DELA] 👁️✨

Consigo te garantir a condição exclusiva por Pix: de R$ 197 por apenas *R$ 167 à vista* (taxa única, seu catálogo fica ativo sem cobranças mensais!). 🎉🌸

Quer que eu te passe a chave Pix para finalizarmos? 💕"
26,65,Studio Vidal Priscila,Parque Atheneu,4.8,61,+55 62 98444-9118,https://wa.me/5562984449118,,,"Oii Priscila, tudo bem? 💕 Vi o seu perfil e achei os seus trabalhos de cílios simplesmente perfeitos! 😍✨ Você mesma quem cuida do agendamento por aqui?","Que ótimo Priscila! 😍 É que eu ajudo Lash Designers a valorizarem o trabalho e economizarem tempo no WhatsApp. Em vez de ficar mandando foto por foto de tabela solta ou explicando técnica por técnica, criamos o LashMenu: um catálogo digital interativo e lindo pro link do Insta e Whats! 🌸✨ Posso te mandar 15 segundinhos de um vídeo curto pra você ver como fica na prática? 💕","Prontinho Priscila! 🌸✨ Montei o catálogo exclusivo do seu estúdio para você dar uma olhada:
👉 [LINK_DO_CATALOGO_PERSONALIZADO_DELA] 😍💖

O valor de criação completa do LashMenu é R$ 197 no cartão. Mas fechando hoje por aqui no Pix, temos a condição especial por apenas *R$ 167 à vista (pagamento único sem mensalidades!)*. 🚀💎

Quer que eu já te envie a chave Pix para liberarmos o seu link definitivo hoje mesmo? 💕","Rua 101 unid101, lote 2, Goiânia - GO, 74893-530, Brasil",https://www.google.com/maps/search/?api=1&query=Studio%20Vidal%20Priscila&query_place_id=ChIJy5B_VJv7XpMRvSe-I9ZXO6M,"Oii Priscila, tudo bem? 💕 Vi o seu perfil e achei os seus trabalhos de cílios simplesmente perfeitos! 😍✨ Você mesma quem cuida do agendamento por aqui?","Olá Priscila, como você está? 🌸 Tive uma dúvida rápida olhando o seu perfil e resolvi te mandar mensagem por aqui. Você é a própria Priscila que atende no estúdio? 👁️","Oii Priscila, tudo joia? 💖 Estava olhando os seus atendimentos de cílios e fiquei encantada com a qualidade! Me tira uma dúvida rápida sobre o estúdio? ✨","Que ótimo Priscila! 😍 É que eu ajudo Lash Designers a valorizarem o trabalho e economizarem tempo no WhatsApp. Em vez de ficar mandando foto por foto de tabela solta ou explicando técnica por técnica, criamos o LashMenu: um catálogo digital interativo e lindo pro link do Insta e Whats! 🌸✨ Posso te mandar 15 segundinhos de um vídeo curto pra você ver como fica na prática? 💕","Ah perfeita Priscila! 🥰 É que a gente desenvolveu o LashMenu, que transforma aquela tabela de preços tradicional num catálogo digital super interativo e elegante para o seu estúdio. Fica incrível no link da bio e facilita muito o atendimento no Whats! 💎✨ Gravei uma demonstração rápida de 15s. Posso te mandar aqui pra você dar uma olhada? 👁️💖","Maravilha Priscila! 💕 Vários estúdios sofrem perdendo tempo no Whats passando valores e tirando dúvidas de procedimentos soltos. Com o LashMenu, o seu estúdio ganha um catálogo digital interativo de alto padrão que agiliza seus agendamentos! 🚀🌸 Posso te enviar uma demonstração super rápida pra você ver como funciona? ✨","Prontinho Priscila! 🌸✨ Montei o catálogo exclusivo do seu estúdio para você dar uma olhada:
👉 [LINK_DO_CATALOGO_PERSONALIZADO_DELA] 😍💖

O valor de criação completa do LashMenu é R$ 197 no cartão. Mas fechando hoje por aqui no Pix, temos a condição especial por apenas *R$ 167 à vista (pagamento único sem mensalidades!)*. 🚀💎

Quer que eu já te envie a chave Pix para liberarmos o seu link definitivo hoje mesmo? 💕","Prontinho Priscila! 🥰 Olha como ficou elegante a apresentação dos seus procedimentos:
👉 [LINK_DO_CATALOGO_PERSONALIZADO_DELA] ✨🌸

Me conta o que achou! A taxa de configuração completa com suporte e hospedagem é R$ 197. Mas fechando via Pix hoje, liberamos por *R$ 167 à vista* (sem mensalidade nenhuma). 👑💎

Posso gerar a chave Pix para ativar o seu catálogo oficial agora? 🚀","Ficou pronto Priscila! 💖 Dá uma olhadinha em como o seu estúdio vai se destacar com o LashMenu:
👉 [LINK_DO_CATALOGO_PERSONALIZADO_DELA] 👁️✨

Consigo te garantir a condição exclusiva por Pix: de R$ 197 por apenas *R$ 167 à vista* (taxa única, seu catálogo fica ativo sem cobranças mensais!). 🎉🌸

Quer que eu te passe a chave Pix para finalizarmos? 💕"
27,65,Crys Lohany Lashes,Água Branca,5.0,25,+55 62 99116-0845,https://wa.me/5562991160845,,,"Oii Crys, tudo bem? 💕 Vi o seu perfil e achei os seus trabalhos de cílios simplesmente perfeitos! 😍✨ Você mesma quem cuida do agendamento por aqui?","Que ótimo Crys! 😍 É que eu ajudo Lash Designers a valorizarem o trabalho e economizarem tempo no WhatsApp. Em vez de ficar mandando foto por foto de tabela solta ou explicando técnica por técnica, criamos o LashMenu: um catálogo digital interativo e lindo pro link do Insta e Whats! 🌸✨ Posso te mandar 15 segundinhos de um vídeo curto pra você ver como fica na prática? 💕","Prontinho Crys! 🌸✨ Montei o catálogo exclusivo do seu estúdio para você dar uma olhada:
👉 [LINK_DO_CATALOGO_PERSONALIZADO_DELA] 😍💖

O valor de criação completa do LashMenu é R$ 197 no cartão. Mas fechando hoje por aqui no Pix, temos a condição especial por apenas *R$ 167 à vista (pagamento único sem mensalidades!)*. 🚀💎

Quer que eu já te envie a chave Pix para liberarmos o seu link definitivo hoje mesmo? 💕","Av. F, quadra A - lote 04 - Setor - Água Branca, Goiânia - GO, 74730-320, Brasil",https://www.google.com/maps/search/?api=1&query=Crys%20Lohany%20Lashes&query_place_id=ChIJE3PPbB7xXpMR8fpw2IcHaEo,"Oii Crys, tudo bem? 💕 Vi o seu perfil e achei os seus trabalhos de cílios simplesmente perfeitos! 😍✨ Você mesma quem cuida do agendamento por aqui?","Olá Crys, como você está? 🌸 Tive uma dúvida rápida olhando o seu perfil e resolvi te mandar mensagem por aqui. Você é a própria Crys que atende no estúdio? 👁️","Oii Crys, tudo joia? 💖 Estava olhando os seus atendimentos de cílios e fiquei encantada com a qualidade! Me tira uma dúvida rápida sobre o estúdio? ✨","Que ótimo Crys! 😍 É que eu ajudo Lash Designers a valorizarem o trabalho e economizarem tempo no WhatsApp. Em vez de ficar mandando foto por foto de tabela solta ou explicando técnica por técnica, criamos o LashMenu: um catálogo digital interativo e lindo pro link do Insta e Whats! 🌸✨ Posso te mandar 15 segundinhos de um vídeo curto pra você ver como fica na prática? 💕","Ah perfeita Crys! 🥰 É que a gente desenvolveu o LashMenu, que transforma aquela tabela de preços tradicional num catálogo digital super interativo e elegante para o seu estúdio. Fica incrível no link da bio e facilita muito o atendimento no Whats! 💎✨ Gravei uma demonstração rápida de 15s. Posso te mandar aqui pra você dar uma olhada? 👁️💖","Maravilha Crys! 💕 Vários estúdios sofrem perdendo tempo no Whats passando valores e tirando dúvidas de procedimentos soltos. Com o LashMenu, o seu estúdio ganha um catálogo digital interativo de alto padrão que agiliza seus agendamentos! 🚀🌸 Posso te enviar uma demonstração super rápida pra você ver como funciona? ✨","Prontinho Crys! 🌸✨ Montei o catálogo exclusivo do seu estúdio para você dar uma olhada:
👉 [LINK_DO_CATALOGO_PERSONALIZADO_DELA] 😍💖

O valor de criação completa do LashMenu é R$ 197 no cartão. Mas fechando hoje por aqui no Pix, temos a condição especial por apenas *R$ 167 à vista (pagamento único sem mensalidades!)*. 🚀💎

Quer que eu já te envie a chave Pix para liberarmos o seu link definitivo hoje mesmo? 💕","Prontinho Crys! 🥰 Olha como ficou elegante a apresentação dos seus procedimentos:
👉 [LINK_DO_CATALOGO_PERSONALIZADO_DELA] ✨🌸

Me conta o que achou! A taxa de configuração completa com suporte e hospedagem é R$ 197. Mas fechando via Pix hoje, liberamos por *R$ 167 à vista* (sem mensalidade nenhuma). 👑💎

Posso gerar a chave Pix para ativar o seu catálogo oficial agora? 🚀","Ficou pronto Crys! 💖 Dá uma olhadinha em como o seu estúdio vai se destacar com o LashMenu:
👉 [LINK_DO_CATALOGO_PERSONALIZADO_DELA] 👁️✨

Consigo te garantir a condição exclusiva por Pix: de R$ 197 por apenas *R$ 167 à vista* (taxa única, seu catálogo fica ativo sem cobranças mensais!). 🎉🌸

Quer que eu te passe a chave Pix para finalizarmos? 💕"
28,65,Studio Aliany Mendes - Nail Designer,Jardim Bela Vista,5.0,24,+55 62 99632-5778,https://wa.me/5562996325778,,,"Oii Aliany, tudo bem? 💕 Vi o seu perfil e achei os seus trabalhos de cílios simplesmente perfeitos! 😍✨ Você mesma quem cuida do agendamento por aqui?","Que ótimo Aliany! 😍 É que eu ajudo Lash Designers a valorizarem o trabalho e economizarem tempo no WhatsApp. Em vez de ficar mandando foto por foto de tabela solta ou explicando técnica por técnica, criamos o LashMenu: um catálogo digital interativo e lindo pro link do Insta e Whats! 🌸✨ Posso te mandar 15 segundinhos de um vídeo curto pra você ver como fica na prática? 💕","Prontinho Aliany! 🌸✨ Montei o catálogo exclusivo do seu estúdio para você dar uma olhada:
👉 [LINK_DO_CATALOGO_PERSONALIZADO_DELA] 😍💖

O valor de criação completa do LashMenu é R$ 197 no cartão. Mas fechando hoje por aqui no Pix, temos a condição especial por apenas *R$ 167 à vista (pagamento único sem mensalidades!)*. 🚀💎

Quer que eu já te envie a chave Pix para liberarmos o seu link definitivo hoje mesmo? 💕","Av. Bela Vista, qd i lt1 - Jardim Bela Vista, Goiânia - GO, 74863-050, Brasil",https://www.google.com/maps/search/?api=1&query=Studio%20Aliany%20Mendes%20-%20Nail%20Designer&query_place_id=ChIJkUJBKqrxXpMR6xxIrqyhBBg,"Oii Aliany, tudo bem? 💕 Vi o seu perfil e achei os seus trabalhos de cílios simplesmente perfeitos! 😍✨ Você mesma quem cuida do agendamento por aqui?","Olá Aliany, como você está? 🌸 Tive uma dúvida rápida olhando o seu perfil e resolvi te mandar mensagem por aqui. Você é a própria Aliany que atende no estúdio? 👁️","Oii Aliany, tudo joia? 💖 Estava olhando os seus atendimentos de cílios e fiquei encantada com a qualidade! Me tira uma dúvida rápida sobre o estúdio? ✨","Que ótimo Aliany! 😍 É que eu ajudo Lash Designers a valorizarem o trabalho e economizarem tempo no WhatsApp. Em vez de ficar mandando foto por foto de tabela solta ou explicando técnica por técnica, criamos o LashMenu: um catálogo digital interativo e lindo pro link do Insta e Whats! 🌸✨ Posso te mandar 15 segundinhos de um vídeo curto pra você ver como fica na prática? 💕","Ah perfeita Aliany! 🥰 É que a gente desenvolveu o LashMenu, que transforma aquela tabela de preços tradicional num catálogo digital super interativo e elegante para o seu estúdio. Fica incrível no link da bio e facilita muito o atendimento no Whats! 💎✨ Gravei uma demonstração rápida de 15s. Posso te mandar aqui pra você dar uma olhada? 👁️💖","Maravilha Aliany! 💕 Vários estúdios sofrem perdendo tempo no Whats passando valores e tirando dúvidas de procedimentos soltos. Com o LashMenu, o seu estúdio ganha um catálogo digital interativo de alto padrão que agiliza seus agendamentos! 🚀🌸 Posso te enviar uma demonstração super rápida pra você ver como funciona? ✨","Prontinho Aliany! 🌸✨ Montei o catálogo exclusivo do seu estúdio para você dar uma olhada:
👉 [LINK_DO_CATALOGO_PERSONALIZADO_DELA] 😍💖

O valor de criação completa do LashMenu é R$ 197 no cartão. Mas fechando hoje por aqui no Pix, temos a condição especial por apenas *R$ 167 à vista (pagamento único sem mensalidades!)*. 🚀💎

Quer que eu já te envie a chave Pix para liberarmos o seu link definitivo hoje mesmo? 💕","Prontinho Aliany! 🥰 Olha como ficou elegante a apresentação dos seus procedimentos:
👉 [LINK_DO_CATALOGO_PERSONALIZADO_DELA] ✨🌸

Me conta o que achou! A taxa de configuração completa com suporte e hospedagem é R$ 197. Mas fechando via Pix hoje, liberamos por *R$ 167 à vista* (sem mensalidade nenhuma). 👑💎

Posso gerar a chave Pix para ativar o seu catálogo oficial agora? 🚀","Ficou pronto Aliany! 💖 Dá uma olhadinha em como o seu estúdio vai se destacar com o LashMenu:
👉 [LINK_DO_CATALOGO_PERSONALIZADO_DELA] 👁️✨

Consigo te garantir a condição exclusiva por Pix: de R$ 197 por apenas *R$ 167 à vista* (taxa única, seu catálogo fica ativo sem cobranças mensais!). 🎉🌸

Quer que eu te passe a chave Pix para finalizarmos? 💕"
29,60,D'Isanto Brows | Design de Sobrancelhas | Brow Lamination | Lash Lifting,Jardim Mariliza,5.0,1,+55 62 98295-0091,https://wa.me/5562982950091,,https://disantobrows.com.br/,"Oii D'Isanto, tudo bem? 💕 Vi o seu perfil e achei os seus trabalhos de cílios simplesmente perfeitos! 😍✨ Você mesma quem cuida do agendamento por aqui?","Que ótimo D'Isanto! 😍 É que eu ajudo Lash Designers a valorizarem o trabalho e economizarem tempo no WhatsApp. Em vez de ficar mandando foto por foto de tabela solta ou explicando técnica por técnica, criamos o LashMenu: um catálogo digital interativo e lindo pro link do Insta e Whats! 🌸✨ Posso te mandar 15 segundinhos de um vídeo curto pra você ver como fica na prática? 💕","Prontinho D'Isanto! 🌸✨ Montei o catálogo exclusivo do seu estúdio para você dar uma olhada:
👉 [LINK_DO_CATALOGO_PERSONALIZADO_DELA] 😍💖

O valor de criação completa do LashMenu é R$ 197 no cartão. Mas fechando hoje por aqui no Pix, temos a condição especial por apenas *R$ 167 à vista (pagamento único sem mensalidades!)*. 🚀💎

Quer que eu já te envie a chave Pix para liberarmos o seu link definitivo hoje mesmo? 💕","R. Caraíba - Jardim Mariliza, Goiânia - GO, 74885-090, Brasil",https://www.google.com/maps/search/?api=1&query=D'Isanto%20Brows%20%7C%20Design%20de%20Sobrancelhas%20%7C%20Brow%20Lamination%20%7C%20Lash%20Lifting&query_place_id=ChIJURiAgEv7XpMRzE1r8meSquY,"Oii D'Isanto, tudo bem? 💕 Vi o seu perfil e achei os seus trabalhos de cílios simplesmente perfeitos! 😍✨ Você mesma quem cuida do agendamento por aqui?","Olá D'Isanto, como você está? 🌸 Tive uma dúvida rápida olhando o seu perfil e resolvi te mandar mensagem por aqui. Você é a própria D'Isanto que atende no estúdio? 👁️","Oii D'Isanto, tudo joia? 💖 Estava olhando os seus atendimentos de cílios e fiquei encantada com a qualidade! Me tira uma dúvida rápida sobre o estúdio? ✨","Que ótimo D'Isanto! 😍 É que eu ajudo Lash Designers a valorizarem o trabalho e economizarem tempo no WhatsApp. Em vez de ficar mandando foto por foto de tabela solta ou explicando técnica por técnica, criamos o LashMenu: um catálogo digital interativo e lindo pro link do Insta e Whats! 🌸✨ Posso te mandar 15 segundinhos de um vídeo curto pra você ver como fica na prática? 💕","Ah perfeita D'Isanto! 🥰 É que a gente desenvolveu o LashMenu, que transforma aquela tabela de preços tradicional num catálogo digital super interativo e elegante para o seu estúdio. Fica incrível no link da bio e facilita muito o atendimento no Whats! 💎✨ Gravei uma demonstração rápida de 15s. Posso te mandar aqui pra você dar uma olhada? 👁️💖","Maravilha D'Isanto! 💕 Vários estúdios sofrem perdendo tempo no Whats passando valores e tirando dúvidas de procedimentos soltos. Com o LashMenu, o seu estúdio ganha um catálogo digital interativo de alto padrão que agiliza seus agendamentos! 🚀🌸 Posso te enviar uma demonstração super rápida pra você ver como funciona? ✨","Prontinho D'Isanto! 🌸✨ Montei o catálogo exclusivo do seu estúdio para você dar uma olhada:
👉 [LINK_DO_CATALOGO_PERSONALIZADO_DELA] 😍💖

O valor de criação completa do LashMenu é R$ 197 no cartão. Mas fechando hoje por aqui no Pix, temos a condição especial por apenas *R$ 167 à vista (pagamento único sem mensalidades!)*. 🚀💎

Quer que eu já te envie a chave Pix para liberarmos o seu link definitivo hoje mesmo? 💕","Prontinho D'Isanto! 🥰 Olha como ficou elegante a apresentação dos seus procedimentos:
👉 [LINK_DO_CATALOGO_PERSONALIZADO_DELA] ✨🌸

Me conta o que achou! A taxa de configuração completa com suporte e hospedagem é R$ 197. Mas fechando via Pix hoje, liberamos por *R$ 167 à vista* (sem mensalidade nenhuma). 👑💎

Posso gerar a chave Pix para ativar o seu catálogo oficial agora? 🚀","Ficou pronto D'Isanto! 💖 Dá uma olhadinha em como o seu estúdio vai se destacar com o LashMenu:
👉 [LINK_DO_CATALOGO_PERSONALIZADO_DELA] 👁️✨

Consigo te garantir a condição exclusiva por Pix: de R$ 197 por apenas *R$ 167 à vista* (taxa única, seu catálogo fica ativo sem cobranças mensais!). 🎉🌸

Quer que eu te passe a chave Pix para finalizarmos? 💕"
30,60,Ynnaê Uchôa Lash Design Micropigmentadora,Jardim das Aroeiras,5.0,1,+55 62 99252-5106,https://wa.me/5562992525106,@ynnaeuchoa,https://instagram.com/ynnaeuchoa?igshid=MTIyMzRjYmRlZg==,"Oii Ynnaá, tudo bem? 💕 Vi o seu perfil e achei os seus trabalhos de cílios simplesmente perfeitos! 😍✨ Você mesma quem cuida do agendamento por aqui?","Que ótimo Ynnaá! 😍 É que eu ajudo Lash Designers a valorizarem o trabalho e economizarem tempo no WhatsApp. Em vez de ficar mandando foto por foto de tabela solta ou explicando técnica por técnica, criamos o LashMenu: um catálogo digital interativo e lindo pro link do Insta e Whats! 🌸✨ Posso te mandar 15 segundinhos de um vídeo curto pra você ver como fica na prática? 💕","Prontinho Ynnaá! 🌸✨ Montei o catálogo exclusivo do seu estúdio para você dar uma olhada:
👉 [LINK_DO_CATALOGO_PERSONALIZADO_DELA] 😍💖

O valor de criação completa do LashMenu é R$ 197 no cartão. Mas fechando hoje por aqui no Pix, temos a condição especial por apenas *R$ 167 à vista (pagamento único sem mensalidades!)*. 🚀💎

Quer que eu já te envie a chave Pix para liberarmos o seu link definitivo hoje mesmo? 💕","R. JDA Dez, Quadra 07 lote 14 sala 01 - Jardim das Aroeiras, Goiânia - GO, 74770-550, Brasil",https://www.google.com/maps/search/?api=1&query=Ynna%C3%AA%20Uch%C3%B4a%20Lash%20Design%20Micropigmentadora&query_place_id=ChIJiTtbqZfvXpMRIO3w6gfFvF8,"Oii Ynnaá, tudo bem? 💕 Vi o seu perfil e achei os seus trabalhos de cílios simplesmente perfeitos! 😍✨ Você mesma quem cuida do agendamento por aqui?","Olá Ynnaá, como você está? 🌸 Tive uma dúvida rápida olhando o seu perfil e resolvi te mandar mensagem por aqui. Você é a própria Ynnaá que atende no estúdio? 👁️","Oii Ynnaá, tudo joia? 💖 Estava olhando os seus atendimentos de cílios e fiquei encantada com a qualidade! Me tira uma dúvida rápida sobre o estúdio? ✨","Que ótimo Ynnaá! 😍 É que eu ajudo Lash Designers a valorizarem o trabalho e economizarem tempo no WhatsApp. Em vez de ficar mandando foto por foto de tabela solta ou explicando técnica por técnica, criamos o LashMenu: um catálogo digital interativo e lindo pro link do Insta e Whats! 🌸✨ Posso te mandar 15 segundinhos de um vídeo curto pra você ver como fica na prática? 💕","Ah perfeita Ynnaá! 🥰 É que a gente desenvolveu o LashMenu, que transforma aquela tabela de preços tradicional num catálogo digital super interativo e elegante para o seu estúdio. Fica incrível no link da bio e facilita muito o atendimento no Whats! 💎✨ Gravei uma demonstração rápida de 15s. Posso te mandar aqui pra você dar uma olhada? 👁️💖","Maravilha Ynnaá! 💕 Vários estúdios sofrem perdendo tempo no Whats passando valores e tirando dúvidas de procedimentos soltos. Com o LashMenu, o seu estúdio ganha um catálogo digital interativo de alto padrão que agiliza seus agendamentos! 🚀🌸 Posso te enviar uma demonstração super rápida pra você ver como funciona? ✨","Prontinho Ynnaá! 🌸✨ Montei o catálogo exclusivo do seu estúdio para você dar uma olhada:
👉 [LINK_DO_CATALOGO_PERSONALIZADO_DELA] 😍💖

O valor de criação completa do LashMenu é R$ 197 no cartão. Mas fechando hoje por aqui no Pix, temos a condição especial por apenas *R$ 167 à vista (pagamento único sem mensalidades!)*. 🚀💎

Quer que eu já te envie a chave Pix para liberarmos o seu link definitivo hoje mesmo? 💕","Prontinho Ynnaá! 🥰 Olha como ficou elegante a apresentação dos seus procedimentos:
👉 [LINK_DO_CATALOGO_PERSONALIZADO_DELA] ✨🌸

Me conta o que achou! A taxa de configuração completa com suporte e hospedagem é R$ 197. Mas fechando via Pix hoje, liberamos por *R$ 167 à vista* (sem mensalidade nenhuma). 👑💎

Posso gerar a chave Pix para ativar o seu catálogo oficial agora? 🚀","Ficou pronto Ynnaá! 💖 Dá uma olhadinha em como o seu estúdio vai se destacar com o LashMenu:
👉 [LINK_DO_CATALOGO_PERSONALIZADO_DELA] 👁️✨

Consigo te garantir a condição exclusiva por Pix: de R$ 197 por apenas *R$ 167 à vista* (taxa única, seu catálogo fica ativo sem cobranças mensais!). 🎉🌸

Quer que eu te passe a chave Pix para finalizarmos? 💕"
31,60,Tiffany Araujo Lash Designer,Dom Fernando II,5.0,1,+55 62 99839-1336,https://wa.me/5562998391336,@perfect.silver_oficial,https://www.instagram.com/perfect.silver_oficial?igsh=MWlubGNjZmFvNTh6bA%3D%3D&utm_source=qr,"Oii Tiffany, tudo bem? 💕 Vi o seu perfil e achei os seus trabalhos de cílios simplesmente perfeitos! 😍✨ Você mesma quem cuida do agendamento por aqui?","Que ótimo Tiffany! 😍 É que eu ajudo Lash Designers a valorizarem o trabalho e economizarem tempo no WhatsApp. Em vez de ficar mandando foto por foto de tabela solta ou explicando técnica por técnica, criamos o LashMenu: um catálogo digital interativo e lindo pro link do Insta e Whats! 🌸✨ Posso te mandar 15 segundinhos de um vídeo curto pra você ver como fica na prática? 💕","Prontinho Tiffany! 🌸✨ Montei o catálogo exclusivo do seu estúdio para você dar uma olhada:
👉 [LINK_DO_CATALOGO_PERSONALIZADO_DELA] 😍💖

O valor de criação completa do LashMenu é R$ 197 no cartão. Mas fechando hoje por aqui no Pix, temos a condição especial por apenas *R$ 167 à vista (pagamento único sem mensalidades!)*. 🚀💎

Quer que eu já te envie a chave Pix para liberarmos o seu link definitivo hoje mesmo? 💕","Rua Jdf 216 quadra 31 lote 8, interfone 2 - Dom Fernando II, Goiânia - GO, 74765-250, Brasil",https://www.google.com/maps/search/?api=1&query=Tiffany%20Araujo%20Lash%20Designer&query_place_id=ChIJPyOILwDtXpMRWQI8aKon9xs,"Oii Tiffany, tudo bem? 💕 Vi o seu perfil e achei os seus trabalhos de cílios simplesmente perfeitos! 😍✨ Você mesma quem cuida do agendamento por aqui?","Olá Tiffany, como você está? 🌸 Tive uma dúvida rápida olhando o seu perfil e resolvi te mandar mensagem por aqui. Você é a própria Tiffany que atende no estúdio? 👁️","Oii Tiffany, tudo joia? 💖 Estava olhando os seus atendimentos de cílios e fiquei encantada com a qualidade! Me tira uma dúvida rápida sobre o estúdio? ✨","Que ótimo Tiffany! 😍 É que eu ajudo Lash Designers a valorizarem o trabalho e economizarem tempo no WhatsApp. Em vez de ficar mandando foto por foto de tabela solta ou explicando técnica por técnica, criamos o LashMenu: um catálogo digital interativo e lindo pro link do Insta e Whats! 🌸✨ Posso te mandar 15 segundinhos de um vídeo curto pra você ver como fica na prática? 💕","Ah perfeita Tiffany! 🥰 É que a gente desenvolveu o LashMenu, que transforma aquela tabela de preços tradicional num catálogo digital super interativo e elegante para o seu estúdio. Fica incrível no link da bio e facilita muito o atendimento no Whats! 💎✨ Gravei uma demonstração rápida de 15s. Posso te mandar aqui pra você dar uma olhada? 👁️💖","Maravilha Tiffany! 💕 Vários estúdios sofrem perdendo tempo no Whats passando valores e tirando dúvidas de procedimentos soltos. Com o LashMenu, o seu estúdio ganha um catálogo digital interativo de alto padrão que agiliza seus agendamentos! 🚀🌸 Posso te enviar uma demonstração super rápida pra você ver como funciona? ✨","Prontinho Tiffany! 🌸✨ Montei o catálogo exclusivo do seu estúdio para você dar uma olhada:
👉 [LINK_DO_CATALOGO_PERSONALIZADO_DELA] 😍💖

O valor de criação completa do LashMenu é R$ 197 no cartão. Mas fechando hoje por aqui no Pix, temos a condição especial por apenas *R$ 167 à vista (pagamento único sem mensalidades!)*. 🚀💎

Quer que eu já te envie a chave Pix para liberarmos o seu link definitivo hoje mesmo? 💕","Prontinho Tiffany! 🥰 Olha como ficou elegante a apresentação dos seus procedimentos:
👉 [LINK_DO_CATALOGO_PERSONALIZADO_DELA] ✨🌸

Me conta o que achou! A taxa de configuração completa com suporte e hospedagem é R$ 197. Mas fechando via Pix hoje, liberamos por *R$ 167 à vista* (sem mensalidade nenhuma). 👑💎

Posso gerar a chave Pix para ativar o seu catálogo oficial agora? 🚀","Ficou pronto Tiffany! 💖 Dá uma olhadinha em como o seu estúdio vai se destacar com o LashMenu:
👉 [LINK_DO_CATALOGO_PERSONALIZADO_DELA] 👁️✨

Consigo te garantir a condição exclusiva por Pix: de R$ 197 por apenas *R$ 167 à vista* (taxa única, seu catálogo fica ativo sem cobranças mensais!). 🎉🌸

Quer que eu te passe a chave Pix para finalizarmos? 💕"
32,55,Luana Alves - EXTENSÃO DE CÍLIOS,Jardim Vitoria 2,5.0,19,+55 62 99437-6568,https://wa.me/5562994376568,,,"Oii Luana, tudo bem? 💕 Vi o seu perfil e achei os seus trabalhos de cílios simplesmente perfeitos! 😍✨ Você mesma quem cuida do agendamento por aqui?","Que ótimo Luana! 😍 É que eu ajudo Lash Designers a valorizarem o trabalho e economizarem tempo no WhatsApp. Em vez de ficar mandando foto por foto de tabela solta ou explicando técnica por técnica, criamos o LashMenu: um catálogo digital interativo e lindo pro link do Insta e Whats! 🌸✨ Posso te mandar 15 segundinhos de um vídeo curto pra você ver como fica na prática? 💕","Prontinho Luana! 🌸✨ Montei o catálogo exclusivo do seu estúdio para você dar uma olhada:
👉 [LINK_DO_CATALOGO_PERSONALIZADO_DELA] 😍💖

O valor de criação completa do LashMenu é R$ 197 no cartão. Mas fechando hoje por aqui no Pix, temos a condição especial por apenas *R$ 167 à vista (pagamento único sem mensalidades!)*. 🚀💎

Quer que eu já te envie a chave Pix para liberarmos o seu link definitivo hoje mesmo? 💕","Av. Sr. do Bonfim - Jardim Vitoria 2, Goiânia - GO, 74865-390, Brasil",https://www.google.com/maps/search/?api=1&query=Luana%20Alves%20-%20EXTENS%C3%83O%20DE%20C%C3%8DLIOS&query_place_id=ChIJTZAvan_7XpMR2Jg80sZtYfE,"Oii Luana, tudo bem? 💕 Vi o seu perfil e achei os seus trabalhos de cílios simplesmente perfeitos! 😍✨ Você mesma quem cuida do agendamento por aqui?","Olá Luana, como você está? 🌸 Tive uma dúvida rápida olhando o seu perfil e resolvi te mandar mensagem por aqui. Você é a própria Luana que atende no estúdio? 👁️","Oii Luana, tudo joia? 💖 Estava olhando os seus atendimentos de cílios e fiquei encantada com a qualidade! Me tira uma dúvida rápida sobre o estúdio? ✨","Que ótimo Luana! 😍 É que eu ajudo Lash Designers a valorizarem o trabalho e economizarem tempo no WhatsApp. Em vez de ficar mandando foto por foto de tabela solta ou explicando técnica por técnica, criamos o LashMenu: um catálogo digital interativo e lindo pro link do Insta e Whats! 🌸✨ Posso te mandar 15 segundinhos de um vídeo curto pra você ver como fica na prática? 💕","Ah perfeita Luana! 🥰 É que a gente desenvolveu o LashMenu, que transforma aquela tabela de preços tradicional num catálogo digital super interativo e elegante para o seu estúdio. Fica incrível no link da bio e facilita muito o atendimento no Whats! 💎✨ Gravei uma demonstração rápida de 15s. Posso te mandar aqui pra você dar uma olhada? 👁️💖","Maravilha Luana! 💕 Vários estúdios sofrem perdendo tempo no Whats passando valores e tirando dúvidas de procedimentos soltos. Com o LashMenu, o seu estúdio ganha um catálogo digital interativo de alto padrão que agiliza seus agendamentos! 🚀🌸 Posso te enviar uma demonstração super rápida pra você ver como funciona? ✨","Prontinho Luana! 🌸✨ Montei o catálogo exclusivo do seu estúdio para você dar uma olhada:
👉 [LINK_DO_CATALOGO_PERSONALIZADO_DELA] 😍💖

O valor de criação completa do LashMenu é R$ 197 no cartão. Mas fechando hoje por aqui no Pix, temos a condição especial por apenas *R$ 167 à vista (pagamento único sem mensalidades!)*. 🚀💎

Quer que eu já te envie a chave Pix para liberarmos o seu link definitivo hoje mesmo? 💕","Prontinho Luana! 🥰 Olha como ficou elegante a apresentação dos seus procedimentos:
👉 [LINK_DO_CATALOGO_PERSONALIZADO_DELA] ✨🌸

Me conta o que achou! A taxa de configuração completa com suporte e hospedagem é R$ 197. Mas fechando via Pix hoje, liberamos por *R$ 167 à vista* (sem mensalidade nenhuma). 👑💎

Posso gerar a chave Pix para ativar o seu catálogo oficial agora? 🚀","Ficou pronto Luana! 💖 Dá uma olhadinha em como o seu estúdio vai se destacar com o LashMenu:
👉 [LINK_DO_CATALOGO_PERSONALIZADO_DELA] 👁️✨

Consigo te garantir a condição exclusiva por Pix: de R$ 197 por apenas *R$ 167 à vista* (taxa única, seu catálogo fica ativo sem cobranças mensais!). 🎉🌸

Quer que eu te passe a chave Pix para finalizarmos? 💕"
33,55,Maiza Gualberto - Designer,Setor Recanto das Minas Gerais,5.0,16,+55 62 3921-1932,https://wa.me/556239211932,,,"Oii Maiza, tudo bem? 💕 Vi o seu perfil e achei os seus trabalhos de cílios simplesmente perfeitos! 😍✨ Você mesma quem cuida do agendamento por aqui?","Que ótimo Maiza! 😍 É que eu ajudo Lash Designers a valorizarem o trabalho e economizarem tempo no WhatsApp. Em vez de ficar mandando foto por foto de tabela solta ou explicando técnica por técnica, criamos o LashMenu: um catálogo digital interativo e lindo pro link do Insta e Whats! 🌸✨ Posso te mandar 15 segundinhos de um vídeo curto pra você ver como fica na prática? 💕","Prontinho Maiza! 🌸✨ Montei o catálogo exclusivo do seu estúdio para você dar uma olhada:
👉 [LINK_DO_CATALOGO_PERSONALIZADO_DELA] 😍💖

O valor de criação completa do LashMenu é R$ 197 no cartão. Mas fechando hoje por aqui no Pix, temos a condição especial por apenas *R$ 167 à vista (pagamento único sem mensalidades!)*. 🚀💎

Quer que eu já te envie a chave Pix para liberarmos o seu link definitivo hoje mesmo? 💕","R. SR - 65, 30 - St. Recanto das Minas Gerais, Goiânia - GO, 74785-490, Brasil",https://www.google.com/maps/search/?api=1&query=Maiza%20Gualberto%20-%20Designer&query_place_id=ChIJTbGrc4_tXpMRh9cp08Blirw,"Oii Maiza, tudo bem? 💕 Vi o seu perfil e achei os seus trabalhos de cílios simplesmente perfeitos! 😍✨ Você mesma quem cuida do agendamento por aqui?","Olá Maiza, como você está? 🌸 Tive uma dúvida rápida olhando o seu perfil e resolvi te mandar mensagem por aqui. Você é a própria Maiza que atende no estúdio? 👁️","Oii Maiza, tudo joia? 💖 Estava olhando os seus atendimentos de cílios e fiquei encantada com a qualidade! Me tira uma dúvida rápida sobre o estúdio? ✨","Que ótimo Maiza! 😍 É que eu ajudo Lash Designers a valorizarem o trabalho e economizarem tempo no WhatsApp. Em vez de ficar mandando foto por foto de tabela solta ou explicando técnica por técnica, criamos o LashMenu: um catálogo digital interativo e lindo pro link do Insta e Whats! 🌸✨ Posso te mandar 15 segundinhos de um vídeo curto pra você ver como fica na prática? 💕","Ah perfeita Maiza! 🥰 É que a gente desenvolveu o LashMenu, que transforma aquela tabela de preços tradicional num catálogo digital super interativo e elegante para o seu estúdio. Fica incrível no link da bio e facilita muito o atendimento no Whats! 💎✨ Gravei uma demonstração rápida de 15s. Posso te mandar aqui pra você dar uma olhada? 👁️💖","Maravilha Maiza! 💕 Vários estúdios sofrem perdendo tempo no Whats passando valores e tirando dúvidas de procedimentos soltos. Com o LashMenu, o seu estúdio ganha um catálogo digital interativo de alto padrão que agiliza seus agendamentos! 🚀🌸 Posso te enviar uma demonstração super rápida pra você ver como funciona? ✨","Prontinho Maiza! 🌸✨ Montei o catálogo exclusivo do seu estúdio para você dar uma olhada:
👉 [LINK_DO_CATALOGO_PERSONALIZADO_DELA] 😍💖

O valor de criação completa do LashMenu é R$ 197 no cartão. Mas fechando hoje por aqui no Pix, temos a condição especial por apenas *R$ 167 à vista (pagamento único sem mensalidades!)*. 🚀💎

Quer que eu já te envie a chave Pix para liberarmos o seu link definitivo hoje mesmo? 💕","Prontinho Maiza! 🥰 Olha como ficou elegante a apresentação dos seus procedimentos:
👉 [LINK_DO_CATALOGO_PERSONALIZADO_DELA] ✨🌸

Me conta o que achou! A taxa de configuração completa com suporte e hospedagem é R$ 197. Mas fechando via Pix hoje, liberamos por *R$ 167 à vista* (sem mensalidade nenhuma). 👑💎

Posso gerar a chave Pix para ativar o seu catálogo oficial agora? 🚀","Ficou pronto Maiza! 💖 Dá uma olhadinha em como o seu estúdio vai se destacar com o LashMenu:
👉 [LINK_DO_CATALOGO_PERSONALIZADO_DELA] 👁️✨

Consigo te garantir a condição exclusiva por Pix: de R$ 197 por apenas *R$ 167 à vista* (taxa única, seu catálogo fica ativo sem cobranças mensais!). 🎉🌸

Quer que eu te passe a chave Pix para finalizarmos? 💕"
34,55,Stúdio Kássia Bianca,Jardim da Luz,5.0,12,+55 62 98582-5267,https://wa.me/5562985825267,,,"Oii Kássia, tudo bem? 💕 Vi o seu perfil e achei os seus trabalhos de cílios simplesmente perfeitos! 😍✨ Você mesma quem cuida do agendamento por aqui?","Que ótimo Kássia! 😍 É que eu ajudo Lash Designers a valorizarem o trabalho e economizarem tempo no WhatsApp. Em vez de ficar mandando foto por foto de tabela solta ou explicando técnica por técnica, criamos o LashMenu: um catálogo digital interativo e lindo pro link do Insta e Whats! 🌸✨ Posso te mandar 15 segundinhos de um vídeo curto pra você ver como fica na prática? 💕","Prontinho Kássia! 🌸✨ Montei o catálogo exclusivo do seu estúdio para você dar uma olhada:
👉 [LINK_DO_CATALOGO_PERSONALIZADO_DELA] 😍💖

O valor de criação completa do LashMenu é R$ 197 no cartão. Mas fechando hoje por aqui no Pix, temos a condição especial por apenas *R$ 167 à vista (pagamento único sem mensalidades!)*. 🚀💎

Quer que eu já te envie a chave Pix para liberarmos o seu link definitivo hoje mesmo? 💕","L.20 (Esquina com a - Avenida Leonardo da Vinci, R. Gen. Rondon - Jardim da Luz, Goiânia - GO, 74000-000, Brasil",https://www.google.com/maps/search/?api=1&query=St%C3%BAdio%20K%C3%A1ssia%20Bianca&query_place_id=ChIJKcBlqBbxXpMRU98OCKiLOG8,"Oii Kássia, tudo bem? 💕 Vi o seu perfil e achei os seus trabalhos de cílios simplesmente perfeitos! 😍✨ Você mesma quem cuida do agendamento por aqui?","Olá Kássia, como você está? 🌸 Tive uma dúvida rápida olhando o seu perfil e resolvi te mandar mensagem por aqui. Você é a própria Kássia que atende no estúdio? 👁️","Oii Kássia, tudo joia? 💖 Estava olhando os seus atendimentos de cílios e fiquei encantada com a qualidade! Me tira uma dúvida rápida sobre o estúdio? ✨","Que ótimo Kássia! 😍 É que eu ajudo Lash Designers a valorizarem o trabalho e economizarem tempo no WhatsApp. Em vez de ficar mandando foto por foto de tabela solta ou explicando técnica por técnica, criamos o LashMenu: um catálogo digital interativo e lindo pro link do Insta e Whats! 🌸✨ Posso te mandar 15 segundinhos de um vídeo curto pra você ver como fica na prática? 💕","Ah perfeita Kássia! 🥰 É que a gente desenvolveu o LashMenu, que transforma aquela tabela de preços tradicional num catálogo digital super interativo e elegante para o seu estúdio. Fica incrível no link da bio e facilita muito o atendimento no Whats! 💎✨ Gravei uma demonstração rápida de 15s. Posso te mandar aqui pra você dar uma olhada? 👁️💖","Maravilha Kássia! 💕 Vários estúdios sofrem perdendo tempo no Whats passando valores e tirando dúvidas de procedimentos soltos. Com o LashMenu, o seu estúdio ganha um catálogo digital interativo de alto padrão que agiliza seus agendamentos! 🚀🌸 Posso te enviar uma demonstração super rápida pra você ver como funciona? ✨","Prontinho Kássia! 🌸✨ Montei o catálogo exclusivo do seu estúdio para você dar uma olhada:
👉 [LINK_DO_CATALOGO_PERSONALIZADO_DELA] 😍💖

O valor de criação completa do LashMenu é R$ 197 no cartão. Mas fechando hoje por aqui no Pix, temos a condição especial por apenas *R$ 167 à vista (pagamento único sem mensalidades!)*. 🚀💎

Quer que eu já te envie a chave Pix para liberarmos o seu link definitivo hoje mesmo? 💕","Prontinho Kássia! 🥰 Olha como ficou elegante a apresentação dos seus procedimentos:
👉 [LINK_DO_CATALOGO_PERSONALIZADO_DELA] ✨🌸

Me conta o que achou! A taxa de configuração completa com suporte e hospedagem é R$ 197. Mas fechando via Pix hoje, liberamos por *R$ 167 à vista* (sem mensalidade nenhuma). 👑💎

Posso gerar a chave Pix para ativar o seu catálogo oficial agora? 🚀","Ficou pronto Kássia! 💖 Dá uma olhadinha em como o seu estúdio vai se destacar com o LashMenu:
👉 [LINK_DO_CATALOGO_PERSONALIZADO_DELA] 👁️✨

Consigo te garantir a condição exclusiva por Pix: de R$ 197 por apenas *R$ 167 à vista* (taxa única, seu catálogo fica ativo sem cobranças mensais!). 🎉🌸

Quer que eu te passe a chave Pix para finalizarmos? 💕"
35,50,Studio Jéssica Oliveira,Parque das Amendoeiras,5.0,23,,,,,"Oii Jéssica, tudo bem? 💕 Vi o seu perfil e achei os seus trabalhos de cílios simplesmente perfeitos! 😍✨ Você mesma quem cuida do agendamento por aqui?","Que ótimo Jéssica! 😍 É que eu ajudo Lash Designers a valorizarem o trabalho e economizarem tempo no WhatsApp. Em vez de ficar mandando foto por foto de tabela solta ou explicando técnica por técnica, criamos o LashMenu: um catálogo digital interativo e lindo pro link do Insta e Whats! 🌸✨ Posso te mandar 15 segundinhos de um vídeo curto pra você ver como fica na prática? 💕","Prontinho Jéssica! 🌸✨ Montei o catálogo exclusivo do seu estúdio para você dar uma olhada:
👉 [LINK_DO_CATALOGO_PERSONALIZADO_DELA] 😍💖

O valor de criação completa do LashMenu é R$ 197 no cartão. Mas fechando hoje por aqui no Pix, temos a condição especial por apenas *R$ 167 à vista (pagamento único sem mensalidades!)*. 🚀💎

Quer que eu já te envie a chave Pix para liberarmos o seu link definitivo hoje mesmo? 💕","Av. Paulo Alves da Costa, 320 - Parque das Amendoeiras, Goiânia - GO, 74780-500, Brasil",https://www.google.com/maps/search/?api=1&query=Studio%20J%C3%A9ssica%20Oliveira&query_place_id=ChIJtxsg20btXpMR27Z_7BfJEeE,"Oii Jéssica, tudo bem? 💕 Vi o seu perfil e achei os seus trabalhos de cílios simplesmente perfeitos! 😍✨ Você mesma quem cuida do agendamento por aqui?","Olá Jéssica, como você está? 🌸 Tive uma dúvida rápida olhando o seu perfil e resolvi te mandar mensagem por aqui. Você é a própria Jéssica que atende no estúdio? 👁️","Oii Jéssica, tudo joia? 💖 Estava olhando os seus atendimentos de cílios e fiquei encantada com a qualidade! Me tira uma dúvida rápida sobre o estúdio? ✨","Que ótimo Jéssica! 😍 É que eu ajudo Lash Designers a valorizarem o trabalho e economizarem tempo no WhatsApp. Em vez de ficar mandando foto por foto de tabela solta ou explicando técnica por técnica, criamos o LashMenu: um catálogo digital interativo e lindo pro link do Insta e Whats! 🌸✨ Posso te mandar 15 segundinhos de um vídeo curto pra você ver como fica na prática? 💕","Ah perfeita Jéssica! 🥰 É que a gente desenvolveu o LashMenu, que transforma aquela tabela de preços tradicional num catálogo digital super interativo e elegante para o seu estúdio. Fica incrível no link da bio e facilita muito o atendimento no Whats! 💎✨ Gravei uma demonstração rápida de 15s. Posso te mandar aqui pra você dar uma olhada? 👁️💖","Maravilha Jéssica! 💕 Vários estúdios sofrem perdendo tempo no Whats passando valores e tirando dúvidas de procedimentos soltos. Com o LashMenu, o seu estúdio ganha um catálogo digital interativo de alto padrão que agiliza seus agendamentos! 🚀🌸 Posso te enviar uma demonstração super rápida pra você ver como funciona? ✨","Prontinho Jéssica! 🌸✨ Montei o catálogo exclusivo do seu estúdio para você dar uma olhada:
👉 [LINK_DO_CATALOGO_PERSONALIZADO_DELA] 😍💖

O valor de criação completa do LashMenu é R$ 197 no cartão. Mas fechando hoje por aqui no Pix, temos a condição especial por apenas *R$ 167 à vista (pagamento único sem mensalidades!)*. 🚀💎

Quer que eu já te envie a chave Pix para liberarmos o seu link definitivo hoje mesmo? 💕","Prontinho Jéssica! 🥰 Olha como ficou elegante a apresentação dos seus procedimentos:
👉 [LINK_DO_CATALOGO_PERSONALIZADO_DELA] ✨🌸

Me conta o que achou! A taxa de configuração completa com suporte e hospedagem é R$ 197. Mas fechando via Pix hoje, liberamos por *R$ 167 à vista* (sem mensalidade nenhuma). 👑💎

Posso gerar a chave Pix para ativar o seu catálogo oficial agora? 🚀","Ficou pronto Jéssica! 💖 Dá uma olhadinha em como o seu estúdio vai se destacar com o LashMenu:
👉 [LINK_DO_CATALOGO_PERSONALIZADO_DELA] 👁️✨

Consigo te garantir a condição exclusiva por Pix: de R$ 197 por apenas *R$ 167 à vista* (taxa única, seu catálogo fica ativo sem cobranças mensais!). 🎉🌸

Quer que eu te passe a chave Pix para finalizarmos? 💕"
36,50,Studio Carvalho,Goiânia,4.8,17,+55 62 93512-2875,https://wa.me/5562935122875,,,"Oii Carvalho, tudo bem? 💕 Vi o seu perfil e achei os seus trabalhos de cílios simplesmente perfeitos! 😍✨ Você mesma quem cuida do agendamento por aqui?","Que ótimo Carvalho! 😍 É que eu ajudo Lash Designers a valorizarem o trabalho e economizarem tempo no WhatsApp. Em vez de ficar mandando foto por foto de tabela solta ou explicando técnica por técnica, criamos o LashMenu: um catálogo digital interativo e lindo pro link do Insta e Whats! 🌸✨ Posso te mandar 15 segundinhos de um vídeo curto pra você ver como fica na prática? 💕","Prontinho Carvalho! 🌸✨ Montei o catálogo exclusivo do seu estúdio para você dar uma olhada:
👉 [LINK_DO_CATALOGO_PERSONALIZADO_DELA] 😍💖

O valor de criação completa do LashMenu é R$ 197 no cartão. Mas fechando hoje por aqui no Pix, temos a condição especial por apenas *R$ 167 à vista (pagamento único sem mensalidades!)*. 🚀💎

Quer que eu já te envie a chave Pix para liberarmos o seu link definitivo hoje mesmo? 💕","Av. Aristóteles, Qd 36 - Lt 01 - Goiânia, GO, 74885-030, Brasil",https://www.google.com/maps/search/?api=1&query=Studio%20Carvalho&query_place_id=ChIJRdU9x2XxXpMRzCGYU9op7jo,"Oii Carvalho, tudo bem? 💕 Vi o seu perfil e achei os seus trabalhos de cílios simplesmente perfeitos! 😍✨ Você mesma quem cuida do agendamento por aqui?","Olá Carvalho, como você está? 🌸 Tive uma dúvida rápida olhando o seu perfil e resolvi te mandar mensagem por aqui. Você é a própria Carvalho que atende no estúdio? 👁️","Oii Carvalho, tudo joia? 💖 Estava olhando os seus atendimentos de cílios e fiquei encantada com a qualidade! Me tira uma dúvida rápida sobre o estúdio? ✨","Que ótimo Carvalho! 😍 É que eu ajudo Lash Designers a valorizarem o trabalho e economizarem tempo no WhatsApp. Em vez de ficar mandando foto por foto de tabela solta ou explicando técnica por técnica, criamos o LashMenu: um catálogo digital interativo e lindo pro link do Insta e Whats! 🌸✨ Posso te mandar 15 segundinhos de um vídeo curto pra você ver como fica na prática? 💕","Ah perfeita Carvalho! 🥰 É que a gente desenvolveu o LashMenu, que transforma aquela tabela de preços tradicional num catálogo digital super interativo e elegante para o seu estúdio. Fica incrível no link da bio e facilita muito o atendimento no Whats! 💎✨ Gravei uma demonstração rápida de 15s. Posso te mandar aqui pra você dar uma olhada? 👁️💖","Maravilha Carvalho! 💕 Vários estúdios sofrem perdendo tempo no Whats passando valores e tirando dúvidas de procedimentos soltos. Com o LashMenu, o seu estúdio ganha um catálogo digital interativo de alto padrão que agiliza seus agendamentos! 🚀🌸 Posso te enviar uma demonstração super rápida pra você ver como funciona? ✨","Prontinho Carvalho! 🌸✨ Montei o catálogo exclusivo do seu estúdio para você dar uma olhada:
👉 [LINK_DO_CATALOGO_PERSONALIZADO_DELA] 😍💖

O valor de criação completa do LashMenu é R$ 197 no cartão. Mas fechando hoje por aqui no Pix, temos a condição especial por apenas *R$ 167 à vista (pagamento único sem mensalidades!)*. 🚀💎

Quer que eu já te envie a chave Pix para liberarmos o seu link definitivo hoje mesmo? 💕","Prontinho Carvalho! 🥰 Olha como ficou elegante a apresentação dos seus procedimentos:
👉 [LINK_DO_CATALOGO_PERSONALIZADO_DELA] ✨🌸

Me conta o que achou! A taxa de configuração completa com suporte e hospedagem é R$ 197. Mas fechando via Pix hoje, liberamos por *R$ 167 à vista* (sem mensalidade nenhuma). 👑💎

Posso gerar a chave Pix para ativar o seu catálogo oficial agora? 🚀","Ficou pronto Carvalho! 💖 Dá uma olhadinha em como o seu estúdio vai se destacar com o LashMenu:
👉 [LINK_DO_CATALOGO_PERSONALIZADO_DELA] 👁️✨

Consigo te garantir a condição exclusiva por Pix: de R$ 197 por apenas *R$ 167 à vista* (taxa única, seu catálogo fica ativo sem cobranças mensais!). 🎉🌸

Quer que eu te passe a chave Pix para finalizarmos? 💕"
37,45,Studio Lanna Lobo,Parque Atheneu,5.0,3,+55 62 98427-2890,https://wa.me/5562984272890,,,"Oii Lanna, tudo bem? 💕 Vi o seu perfil e achei os seus trabalhos de cílios simplesmente perfeitos! 😍✨ Você mesma quem cuida do agendamento por aqui?","Que ótimo Lanna! 😍 É que eu ajudo Lash Designers a valorizarem o trabalho e economizarem tempo no WhatsApp. Em vez de ficar mandando foto por foto de tabela solta ou explicando técnica por técnica, criamos o LashMenu: um catálogo digital interativo e lindo pro link do Insta e Whats! 🌸✨ Posso te mandar 15 segundinhos de um vídeo curto pra você ver como fica na prática? 💕","Prontinho Lanna! 🌸✨ Montei o catálogo exclusivo do seu estúdio para você dar uma olhada:
👉 [LINK_DO_CATALOGO_PERSONALIZADO_DELA] 😍💖

O valor de criação completa do LashMenu é R$ 197 no cartão. Mas fechando hoje por aqui no Pix, temos a condição especial por apenas *R$ 167 à vista (pagamento único sem mensalidades!)*. 🚀💎

Quer que eu já te envie a chave Pix para liberarmos o seu link definitivo hoje mesmo? 💕","R. Quatro - Parque Atheneu, Goiânia - GO, 74890-710, Brasil",https://www.google.com/maps/search/?api=1&query=Studio%20Lanna%20Lobo&query_place_id=ChIJVyyXJwDlXpMRWTqlnY4xGBI,"Oii Lanna, tudo bem? 💕 Vi o seu perfil e achei os seus trabalhos de cílios simplesmente perfeitos! 😍✨ Você mesma quem cuida do agendamento por aqui?","Olá Lanna, como você está? 🌸 Tive uma dúvida rápida olhando o seu perfil e resolvi te mandar mensagem por aqui. Você é a própria Lanna que atende no estúdio? 👁️","Oii Lanna, tudo joia? 💖 Estava olhando os seus atendimentos de cílios e fiquei encantada com a qualidade! Me tira uma dúvida rápida sobre o estúdio? ✨","Que ótimo Lanna! 😍 É que eu ajudo Lash Designers a valorizarem o trabalho e economizarem tempo no WhatsApp. Em vez de ficar mandando foto por foto de tabela solta ou explicando técnica por técnica, criamos o LashMenu: um catálogo digital interativo e lindo pro link do Insta e Whats! 🌸✨ Posso te mandar 15 segundinhos de um vídeo curto pra você ver como fica na prática? 💕","Ah perfeita Lanna! 🥰 É que a gente desenvolveu o LashMenu, que transforma aquela tabela de preços tradicional num catálogo digital super interativo e elegante para o seu estúdio. Fica incrível no link da bio e facilita muito o atendimento no Whats! 💎✨ Gravei uma demonstração rápida de 15s. Posso te mandar aqui pra você dar uma olhada? 👁️💖","Maravilha Lanna! 💕 Vários estúdios sofrem perdendo tempo no Whats passando valores e tirando dúvidas de procedimentos soltos. Com o LashMenu, o seu estúdio ganha um catálogo digital interativo de alto padrão que agiliza seus agendamentos! 🚀🌸 Posso te enviar uma demonstração super rápida pra você ver como funciona? ✨","Prontinho Lanna! 🌸✨ Montei o catálogo exclusivo do seu estúdio para você dar uma olhada:
👉 [LINK_DO_CATALOGO_PERSONALIZADO_DELA] 😍💖

O valor de criação completa do LashMenu é R$ 197 no cartão. Mas fechando hoje por aqui no Pix, temos a condição especial por apenas *R$ 167 à vista (pagamento único sem mensalidades!)*. 🚀💎

Quer que eu já te envie a chave Pix para liberarmos o seu link definitivo hoje mesmo? 💕","Prontinho Lanna! 🥰 Olha como ficou elegante a apresentação dos seus procedimentos:
👉 [LINK_DO_CATALOGO_PERSONALIZADO_DELA] ✨🌸

Me conta o que achou! A taxa de configuração completa com suporte e hospedagem é R$ 197. Mas fechando via Pix hoje, liberamos por *R$ 167 à vista* (sem mensalidade nenhuma). 👑💎

Posso gerar a chave Pix para ativar o seu catálogo oficial agora? 🚀","Ficou pronto Lanna! 💖 Dá uma olhadinha em como o seu estúdio vai se destacar com o LashMenu:
👉 [LINK_DO_CATALOGO_PERSONALIZADO_DELA] 👁️✨

Consigo te garantir a condição exclusiva por Pix: de R$ 197 por apenas *R$ 167 à vista* (taxa única, seu catálogo fica ativo sem cobranças mensais!). 🎉🌸

Quer que eu te passe a chave Pix para finalizarmos? 💕"
38,45,Faby Marques Lash Designer,Santo Hilario,5.0,3,+55 62 99543-4682,https://wa.me/5562995434682,,,"Oii Faby, tudo bem? 💕 Vi o seu perfil e achei os seus trabalhos de cílios simplesmente perfeitos! 😍✨ Você mesma quem cuida do agendamento por aqui?","Que ótimo Faby! 😍 É que eu ajudo Lash Designers a valorizarem o trabalho e economizarem tempo no WhatsApp. Em vez de ficar mandando foto por foto de tabela solta ou explicando técnica por técnica, criamos o LashMenu: um catálogo digital interativo e lindo pro link do Insta e Whats! 🌸✨ Posso te mandar 15 segundinhos de um vídeo curto pra você ver como fica na prática? 💕","Prontinho Faby! 🌸✨ Montei o catálogo exclusivo do seu estúdio para você dar uma olhada:
👉 [LINK_DO_CATALOGO_PERSONALIZADO_DELA] 😍💖

O valor de criação completa do LashMenu é R$ 197 no cartão. Mas fechando hoje por aqui no Pix, temos a condição especial por apenas *R$ 167 à vista (pagamento único sem mensalidades!)*. 🚀💎

Quer que eu já te envie a chave Pix para liberarmos o seu link definitivo hoje mesmo? 💕","Av. Dom Serafim Gomes Jardim, Qd. 45 - Lt.20 - Santo Hilario, Goiânia - GO, 74780-190, Brasil",https://www.google.com/maps/search/?api=1&query=Faby%20Marques%20Lash%20Designer&query_place_id=ChIJb_Gnc9_tXpMRNJOyzmjiiLo,"Oii Faby, tudo bem? 💕 Vi o seu perfil e achei os seus trabalhos de cílios simplesmente perfeitos! 😍✨ Você mesma quem cuida do agendamento por aqui?","Olá Faby, como você está? 🌸 Tive uma dúvida rápida olhando o seu perfil e resolvi te mandar mensagem por aqui. Você é a própria Faby que atende no estúdio? 👁️","Oii Faby, tudo joia? 💖 Estava olhando os seus atendimentos de cílios e fiquei encantada com a qualidade! Me tira uma dúvida rápida sobre o estúdio? ✨","Que ótimo Faby! 😍 É que eu ajudo Lash Designers a valorizarem o trabalho e economizarem tempo no WhatsApp. Em vez de ficar mandando foto por foto de tabela solta ou explicando técnica por técnica, criamos o LashMenu: um catálogo digital interativo e lindo pro link do Insta e Whats! 🌸✨ Posso te mandar 15 segundinhos de um vídeo curto pra você ver como fica na prática? 💕","Ah perfeita Faby! 🥰 É que a gente desenvolveu o LashMenu, que transforma aquela tabela de preços tradicional num catálogo digital super interativo e elegante para o seu estúdio. Fica incrível no link da bio e facilita muito o atendimento no Whats! 💎✨ Gravei uma demonstração rápida de 15s. Posso te mandar aqui pra você dar uma olhada? 👁️💖","Maravilha Faby! 💕 Vários estúdios sofrem perdendo tempo no Whats passando valores e tirando dúvidas de procedimentos soltos. Com o LashMenu, o seu estúdio ganha um catálogo digital interativo de alto padrão que agiliza seus agendamentos! 🚀🌸 Posso te enviar uma demonstração super rápida pra você ver como funciona? ✨","Prontinho Faby! 🌸✨ Montei o catálogo exclusivo do seu estúdio para você dar uma olhada:
👉 [LINK_DO_CATALOGO_PERSONALIZADO_DELA] 😍💖

O valor de criação completa do LashMenu é R$ 197 no cartão. Mas fechando hoje por aqui no Pix, temos a condição especial por apenas *R$ 167 à vista (pagamento único sem mensalidades!)*. 🚀💎

Quer que eu já te envie a chave Pix para liberarmos o seu link definitivo hoje mesmo? 💕","Prontinho Faby! 🥰 Olha como ficou elegante a apresentação dos seus procedimentos:
👉 [LINK_DO_CATALOGO_PERSONALIZADO_DELA] ✨🌸

Me conta o que achou! A taxa de configuração completa com suporte e hospedagem é R$ 197. Mas fechando via Pix hoje, liberamos por *R$ 167 à vista* (sem mensalidade nenhuma). 👑💎

Posso gerar a chave Pix para ativar o seu catálogo oficial agora? 🚀","Ficou pronto Faby! 💖 Dá uma olhadinha em como o seu estúdio vai se destacar com o LashMenu:
👉 [LINK_DO_CATALOGO_PERSONALIZADO_DELA] 👁️✨

Consigo te garantir a condição exclusiva por Pix: de R$ 197 por apenas *R$ 167 à vista* (taxa única, seu catálogo fica ativo sem cobranças mensais!). 🎉🌸

Quer que eu te passe a chave Pix para finalizarmos? 💕"
39,45,Sara de Paula Lash Design,Setor Recanto das Minas Gerais,5.0,1,+55 62 99452-6494,https://wa.me/5562994526494,,,"Oii Sara, tudo bem? 💕 Vi o seu perfil e achei os seus trabalhos de cílios simplesmente perfeitos! 😍✨ Você mesma quem cuida do agendamento por aqui?","Que ótimo Sara! 😍 É que eu ajudo Lash Designers a valorizarem o trabalho e economizarem tempo no WhatsApp. Em vez de ficar mandando foto por foto de tabela solta ou explicando técnica por técnica, criamos o LashMenu: um catálogo digital interativo e lindo pro link do Insta e Whats! 🌸✨ Posso te mandar 15 segundinhos de um vídeo curto pra você ver como fica na prática? 💕","Prontinho Sara! 🌸✨ Montei o catálogo exclusivo do seu estúdio para você dar uma olhada:
👉 [LINK_DO_CATALOGO_PERSONALIZADO_DELA] 😍💖

O valor de criação completa do LashMenu é R$ 197 no cartão. Mas fechando hoje por aqui no Pix, temos a condição especial por apenas *R$ 167 à vista (pagamento único sem mensalidades!)*. 🚀💎

Quer que eu já te envie a chave Pix para liberarmos o seu link definitivo hoje mesmo? 💕","R. SR - 65, 63 - Q90, L41 - St. Recanto das Minas Gerais, Goiânia - GO, 74785-330, Brasil",https://www.google.com/maps/search/?api=1&query=Sara%20de%20Paula%20Lash%20Design&query_place_id=ChIJeXQZdhvtXpMRzNvNw6fbKUI,"Oii Sara, tudo bem? 💕 Vi o seu perfil e achei os seus trabalhos de cílios simplesmente perfeitos! 😍✨ Você mesma quem cuida do agendamento por aqui?","Olá Sara, como você está? 🌸 Tive uma dúvida rápida olhando o seu perfil e resolvi te mandar mensagem por aqui. Você é a própria Sara que atende no estúdio? 👁️","Oii Sara, tudo joia? 💖 Estava olhando os seus atendimentos de cílios e fiquei encantada com a qualidade! Me tira uma dúvida rápida sobre o estúdio? ✨","Que ótimo Sara! 😍 É que eu ajudo Lash Designers a valorizarem o trabalho e economizarem tempo no WhatsApp. Em vez de ficar mandando foto por foto de tabela solta ou explicando técnica por técnica, criamos o LashMenu: um catálogo digital interativo e lindo pro link do Insta e Whats! 🌸✨ Posso te mandar 15 segundinhos de um vídeo curto pra você ver como fica na prática? 💕","Ah perfeita Sara! 🥰 É que a gente desenvolveu o LashMenu, que transforma aquela tabela de preços tradicional num catálogo digital super interativo e elegante para o seu estúdio. Fica incrível no link da bio e facilita muito o atendimento no Whats! 💎✨ Gravei uma demonstração rápida de 15s. Posso te mandar aqui pra você dar uma olhada? 👁️💖","Maravilha Sara! 💕 Vários estúdios sofrem perdendo tempo no Whats passando valores e tirando dúvidas de procedimentos soltos. Com o LashMenu, o seu estúdio ganha um catálogo digital interativo de alto padrão que agiliza seus agendamentos! 🚀🌸 Posso te enviar uma demonstração super rápida pra você ver como funciona? ✨","Prontinho Sara! 🌸✨ Montei o catálogo exclusivo do seu estúdio para você dar uma olhada:
👉 [LINK_DO_CATALOGO_PERSONALIZADO_DELA] 😍💖

O valor de criação completa do LashMenu é R$ 197 no cartão. Mas fechando hoje por aqui no Pix, temos a condição especial por apenas *R$ 167 à vista (pagamento único sem mensalidades!)*. 🚀💎

Quer que eu já te envie a chave Pix para liberarmos o seu link definitivo hoje mesmo? 💕","Prontinho Sara! 🥰 Olha como ficou elegante a apresentação dos seus procedimentos:
👉 [LINK_DO_CATALOGO_PERSONALIZADO_DELA] ✨🌸

Me conta o que achou! A taxa de configuração completa com suporte e hospedagem é R$ 197. Mas fechando via Pix hoje, liberamos por *R$ 167 à vista* (sem mensalidade nenhuma). 👑💎

Posso gerar a chave Pix para ativar o seu catálogo oficial agora? 🚀","Ficou pronto Sara! 💖 Dá uma olhadinha em como o seu estúdio vai se destacar com o LashMenu:
👉 [LINK_DO_CATALOGO_PERSONALIZADO_DELA] 👁️✨

Consigo te garantir a condição exclusiva por Pix: de R$ 197 por apenas *R$ 167 à vista* (taxa única, seu catálogo fica ativo sem cobranças mensais!). 🎉🌸

Quer que eu te passe a chave Pix para finalizarmos? 💕"
40,15,Ana Beatriz Lash Designer,Vila Pedroso,0.0,0,,,,,"Oii Ana Beatriz, tudo bem? 💕 Vi o seu perfil e achei os seus trabalhos de cílios simplesmente perfeitos! 😍✨ Você mesma quem cuida do agendamento por aqui?","Que ótimo Ana Beatriz! 😍 É que eu ajudo Lash Designers a valorizarem o trabalho e economizarem tempo no WhatsApp. Em vez de ficar mandando foto por foto de tabela solta ou explicando técnica por técnica, criamos o LashMenu: um catálogo digital interativo e lindo pro link do Insta e Whats! 🌸✨ Posso te mandar 15 segundinhos de um vídeo curto pra você ver como fica na prática? 💕","Prontinho Ana Beatriz! 🌸✨ Montei o catálogo exclusivo do seu estúdio para você dar uma olhada:
👉 [LINK_DO_CATALOGO_PERSONALIZADO_DELA] 😍💖

O valor de criação completa do LashMenu é R$ 197 no cartão. Mas fechando hoje por aqui no Pix, temos a condição especial por apenas *R$ 167 à vista (pagamento único sem mensalidades!)*. 🚀💎

Quer que eu já te envie a chave Pix para liberarmos o seu link definitivo hoje mesmo? 💕","R. 2 - Vila Pedroso, Goiânia - GO, 74770-140, Brasil",https://www.google.com/maps/search/?api=1&query=Ana%20Beatriz%20Lash%20Designer&query_place_id=ChIJJRDbBQDvXpMRiKtXEQ_j6_Q,"Oii Ana Beatriz, tudo bem? 💕 Vi o seu perfil e achei os seus trabalhos de cílios simplesmente perfeitos! 😍✨ Você mesma quem cuida do agendamento por aqui?","Olá Ana Beatriz, como você está? 🌸 Tive uma dúvida rápida olhando o seu perfil e resolvi te mandar mensagem por aqui. Você é a própria Ana Beatriz que atende no estúdio? 👁️","Oii Ana Beatriz, tudo joia? 💖 Estava olhando os seus atendimentos de cílios e fiquei encantada com a qualidade! Me tira uma dúvida rápida sobre o estúdio? ✨","Que ótimo Ana Beatriz! 😍 É que eu ajudo Lash Designers a valorizarem o trabalho e economizarem tempo no WhatsApp. Em vez de ficar mandando foto por foto de tabela solta ou explicando técnica por técnica, criamos o LashMenu: um catálogo digital interativo e lindo pro link do Insta e Whats! 🌸✨ Posso te mandar 15 segundinhos de um vídeo curto pra você ver como fica na prática? 💕","Ah perfeita Ana Beatriz! 🥰 É que a gente desenvolveu o LashMenu, que transforma aquela tabela de preços tradicional num catálogo digital super interativo e elegante para o seu estúdio. Fica incrível no link da bio e facilita muito o atendimento no Whats! 💎✨ Gravei uma demonstração rápida de 15s. Posso te mandar aqui pra você dar uma olhada? 👁️💖","Maravilha Ana Beatriz! 💕 Vários estúdios sofrem perdendo tempo no Whats passando valores e tirando dúvidas de procedimentos soltos. Com o LashMenu, o seu estúdio ganha um catálogo digital interativo de alto padrão que agiliza seus agendamentos! 🚀🌸 Posso te enviar uma demonstração super rápida pra você ver como funciona? ✨","Prontinho Ana Beatriz! 🌸✨ Montei o catálogo exclusivo do seu estúdio para você dar uma olhada:
👉 [LINK_DO_CATALOGO_PERSONALIZADO_DELA] 😍💖

O valor de criação completa do LashMenu é R$ 197 no cartão. Mas fechando hoje por aqui no Pix, temos a condição especial por apenas *R$ 167 à vista (pagamento único sem mensalidades!)*. 🚀💎

Quer que eu já te envie a chave Pix para liberarmos o seu link definitivo hoje mesmo? 💕","Prontinho Ana Beatriz! 🥰 Olha como ficou elegante a apresentação dos seus procedimentos:
👉 [LINK_DO_CATALOGO_PERSONALIZADO_DELA] ✨🌸

Me conta o que achou! A taxa de configuração completa com suporte e hospedagem é R$ 197. Mas fechando via Pix hoje, liberamos por *R$ 167 à vista* (sem mensalidade nenhuma). 👑💎

Posso gerar a chave Pix para ativar o seu catálogo oficial agora? 🚀","Ficou pronto Ana Beatriz! 💖 Dá uma olhadinha em como o seu estúdio vai se destacar com o LashMenu:
👉 [LINK_DO_CATALOGO_PERSONALIZADO_DELA] 👁️✨

Consigo te garantir a condição exclusiva por Pix: de R$ 197 por apenas *R$ 167 à vista* (taxa única, seu catálogo fica ativo sem cobranças mensais!). 🎉🌸

Quer que eu te passe a chave Pix para finalizarmos? 💕"
